Type,Label,Amount,Direction,OpenPrice,Profit/Loss in pips,OpenDate,CloseDate,Comments,A_Global (アカウントがグローバル・アカウントの場合にtrue),A_CreditLine (取引可能額。値は約5秒間隔で更新されている。),A_Currency (アカウントの通貨設定),A_Equity (純資産額。値は約5秒間隔で更新されている。),A_Leverage (レバレッジ設定),A_MarginCutLevel (マージンカットレベル。このレベルを超過するとマージンカット(ロスカット)。),A_OverWeekEndLeverage (ウィークエンド・レバレッジ・レベル。このレベルを超過するとマージンカット(ロスカット)。),A_UseOfLeverage (証拠金使用率。値は約5秒間隔で更新されている。),A_Balance
ORDER_SUBMIT_OK (注文がサーバ側で受け付けた後に送られます),Sell_20111211_041548_052,0.01,SELL,92.97,0.0,,,2010/01/01 00:00:00 000 RSI : 76.43648901903924,false,1.0E7,JPY,100000.0,100.0,200,80,0.0,100000.0
ORDER_FILL_REJECTED (注文の約定がサーバ側で拒否された場合に送られます),Sell_20111211_041548_052,0.01,SELL,92.97,0.0,,2010/01/01 00:30:00 000,2010/01/01 00:00:00 000 RSI : 76.43648901903924,false,1.0E7,JPY,100000.0,100.0,200,80,0.0,100000.0
ORDER_SUBMIT_OK (注文がサーバ側で受け付けた後に送られます),Buy_20111211_041549_979,0.01,BUY,92.36,0.0,,,2010/01/05 00:30:00 000 RSI : 29.674347636728456,false,1.0E7,JPY,100000.0,100.0,200,80,0.0,100000.0
ORDER_FILL_OK (注文が約定した後に送られます),Buy_20111211_041549_979,0.01,BUY,92.36,-2.0,2010/01/05 01:00:00 000,,2010/01/05 00:30:00 000 RSI : 29.674347636728456,false,1.0E7,JPY,100000.0,100.0,200,80,0.0,100000.0
ORDER_CLOSE_OK (注文の決済が完了した後に送られます),Buy_20111211_041549_979,0.01,BUY,92.36,15.5,2010/01/05 01:00:00 000,2010/01/05 01:29:59 999,2010/01/05 00:30:00 000 RSI : 29.674347636728456,false,9051967.0,JPY,99755.67,100.0,200,80,9.26,100000.0
ORDER_SUBMIT_OK (注文がサーバ側で受け付けた後に送られます),Buy_20111211_041550_582,0.01,BUY,92.17,0.0,,,2010/01/05 12:00:00 000 RSI : 28.048252217566528,false,1.0146112E7,JPY,101461.12,100.0,200,80,0.0,101461.12
ORDER_FILL_OK (注文が約定した後に送られます),Buy_20111211_041550_582,0.01,BUY,92.17,-2.0,2010/01/05 12:30:00 000,,2010/01/05 12:00:00 000 RSI : 28.048252217566528,false,1.0146112E7,JPY,101461.12,100.0,200,80,0.0,101461.12
ORDER_CHANGED_OK (注文の変更が完了した後に送られます),Buy_20111211_041550_582,0.01,BUY,92.1706,-50.6,2010/01/05 12:30:00 000,,2010/01/05 12:00:00 000 RSI : 28.048252217566528,false,8715012.0,JPY,96367.12,100.0,200,80,9.56,101417.12
ORDER_CLOSE_OK (注文の決済が完了した後に送られます),Buy_20111211_041550_582,0.01,BUY,92.1706,8.9,2010/01/05 12:30:00 000,2010/01/06 18:29:59 999,2010/01/05 12:00:00 000 RSI : 28.048252217566528,false,9109406.0,JPY,100311.12,100.0,200,80,9.19,101417.12
ORDER_SUBMIT_OK (注文がサーバ側で受け付けた後に送られます),Sell_20111211_041552_933,0.01,SELL,92.995,0.0,,,2010/01/07 20:30:00 000 RSI : 70.03903536975606,false,1.0226678E7,JPY,102266.78,100.0,200,80,0.0,102266.78
ORDER_FILL_REJECTED (注文の約定がサーバ側で拒否された場合に送られます),Sell_20111211_041552_933,0.01,SELL,92.995,0.0,,2010/01/07 21:00:00 000,2010/01/07 20:30:00 000 RSI : 70.03903536975606,false,1.0226678E7,JPY,102266.78,100.0,200,80,0.0,102266.78
ORDER_SUBMIT_OK (注文がサーバ側で受け付けた後に送られます),Sell_20111211_041553_275,0.01,SELL,93.705,0.0,,,2010/01/08 07:00:00 000 RSI : 74.95468575426672,false,1.0226678E7,JPY,102266.78,100.0,200,80,0.0,102266.78
ORDER_FILL_REJECTED (注文の約定がサーバ側で拒否された場合に送られます),Sell_20111211_041553_275,0.01,SELL,93.705,0.0,,2010/01/08 07:30:00 000,2010/01/08 07:00:00 000 RSI : 74.95468575426672,false,1.0226678E7,JPY,102266.78,100.0,200,80,0.0,102266.78
ORDER_SUBMIT_OK (注文がサーバ側で受け付けた後に送られます),Buy_20111211_041553_787,0.01,BUY,92.39,0.0,,,2010/01/08 22:30:00 000 RSI : 27.154797265483268,false,1.0226678E7,JPY,102266.78,100.0,200,80,0.0,102266.78
ORDER_FILL_OK (注文が約定した後に送られます),Buy_20111211_041553_787,0.01,BUY,92.39,-2.0,2010/01/08 23:00:00 000,,2010/01/08 22:30:00 000 RSI : 27.154797265483268,false,1.0226678E7,JPY,102266.78,100.0,200,80,0.0,102266.78
ORDER_CLOSE_OK (注文の決済が完了した後に送られます),Buy_20111211_041553_787,0.01,BUY,92.39,14.0,2010/01/08 23:00:00 000,2010/01/08 23:29:59 999,2010/01/08 22:30:00 000 RSI : 27.154797265483268,false,9278344.0,JPY,102022.44,100.0,200,80,9.06,102266.78
ORDER_SUBMIT_OK (注文がサーバ側で受け付けた後に送られます),Buy_20111211_041555_678,0.01,BUY,91.35,0.0,,,2010/01/12 22:30:00 000 RSI : 29.908671921674234,false,1.0357787E7,JPY,103577.87,100.0,200,80,0.0,103577.87
ORDER_FILL_OK (注文が約定した後に送られます),Buy_20111211_041555_678,0.01,BUY,91.35,-2.0,2010/01/12 23:00:00 000,,2010/01/12 22:30:00 000 RSI : 29.908671921674234,false,1.0357787E7,JPY,103577.87,100.0,200,80,0.0,103577.87
ORDER_CHANGED_OK (注文の変更が完了した後に送られます),Buy_20111211_041555_678,0.01,BUY,91.3506,-41.1,2010/01/12 23:00:00 000,,2010/01/12 22:30:00 000 RSI : 29.908671921674234,false,9029921.0,JPY,99434.21,100.0,200,80,9.19,103534.21
ORDER_CLOSE_OK (注文の決済が完了した後に送られます),Buy_20111211_041555_678,0.01,BUY,91.3506,7.9,2010/01/12 23:00:00 000,2010/01/13 17:59:59 999,2010/01/12 22:30:00 000 RSI : 29.908671921674234,false,9339315.0,JPY,102528.21,100.0,200,80,8.91,103534.21
ORDER_SUBMIT_OK (注文がサーバ側で受け付けた後に送られます),Buy_20111211_041557_120,0.01,BUY,90.93,0.0,,,2010/01/15 03:00:00 000 RSI : 27.75032785637413,false,1.0428432E7,JPY,104284.32,100.0,200,80,0.0,104284.32
ORDER_FILL_OK (注文が約定した後に送られます),Buy_20111211_041557_120,0.01,BUY,90.93,-2.0,2010/01/15 03:30:00 000,,2010/01/15 03:00:00 000 RSI : 27.75032785637413,false,1.0428432E7,JPY,104284.32,100.0,200,80,0.0,104284.32
ORDER_CLOSE_OK (注文の決済が完了した後に送られます),Buy_20111211_041557_120,0.01,BUY,90.93,5.0,2010/01/15 03:30:00 000,2010/01/15 04:29:59 999,2010/01/15 03:00:00 000 RSI : 27.75032785637413,false,9484768.0,JPY,103940.68,100.0,200,80,8.75,104284.32
ORDER_SUBMIT_OK (注文がサーバ側で受け付けた後に送られます),Sell_20111211_041559_342,0.01,SELL,91.19,0.0,,,2010/01/20 00:30:00 000 RSI : 70.74086949884412,false,1.0469686E7,JPY,104696.86,100.0,200,80,0.0,104696.86
ORDER_FILL_REJECTED (注文の約定がサーバ側で拒否された場合に送られます),Sell_20111211_041559_342,0.01,SELL,91.19,0.0,,2010/01/20 01:00:00 000,2010/01/20 00:30:00 000 RSI : 70.74086949884412,false,1.0469686E7,JPY,104696.86,100.0,200,80,0.0,104696.86
ORDER_SUBMIT_OK (注文がサーバ側で受け付けた後に送られます),Sell_20111211_041600_376,0.01,SELL,91.485,0.0,,,2010/01/21 11:00:00 000 RSI : 71.89968519715939,false,1.0469686E7,JPY,104696.86,100.0,200,80,0.0,104696.86
ORDER_FILL_REJECTED (注文の約定がサーバ側で拒否された場合に送られます),Sell_20111211_041600_376,0.01,SELL,91.485,0.0,,2010/01/21 11:30:00 000,2010/01/21 11:00:00 000 RSI : 71.89968519715939,false,1.0469686E7,JPY,104696.86,100.0,200,80,0.0,104696.86
ORDER_SUBMIT_OK (注文がサーバ側で受け付けた後に送られます),Sell_20111211_041600_424,0.01,SELL,91.56,0.0,,,2010/01/21 12:30:00 000 RSI : 71.88796514208055,false,1.0469686E7,JPY,104696.86,100.0,200,80,0.0,104696.86
ORDER_FILL_REJECTED (注文の約定がサーバ側で拒否された場合に送られます),Sell_20111211_041600_424,0.01,SELL,91.56,0.0,,2010/01/21 13:00:00 000,2010/01/21 12:30:00 000 RSI : 71.88796514208055,false,1.0469686E7,JPY,104696.86,100.0,200,80,0.0,104696.86
ORDER_SUBMIT_OK (注文がサーバ側で受け付けた後に送られます),Sell_20111211_041600_447,0.01,SELL,91.575,0.0,,,2010/01/21 13:30:00 000 RSI : 71.34191693010628,false,1.0469686E7,JPY,104696.86,100.0,200,80,0.0,104696.86
ORDER_FILL_REJECTED (注文の約定がサーバ側で拒否された場合に送られます),Sell_20111211_041600_447,0.01,SELL,91.575,0.0,,2010/01/21 14:00:00 000,2010/01/21 13:30:00 000 RSI : 71.34191693010628,false,1.0469686E7,JPY,104696.86,100.0,200,80,0.0,104696.86
ORDER_SUBMIT_OK (注文がサーバ側で受け付けた後に送られます),Buy_20111211_041600_939,0.01,BUY,90.885,0.0,,,2010/01/22 01:00:00 000 RSI : 23.34540747764801,false,1.0469686E7,JPY,104696.86,100.0,200,80,0.0,104696.86
ORDER_FILL_OK (注文が約定した後に送られます),Buy_20111211_041600_939,0.01,BUY,90.885,-2.0,2010/01/22 01:30:00 000,,2010/01/22 01:00:00 000 RSI : 23.34540747764801,false,1.0469686E7,JPY,104696.86,100.0,200,80,0.0,104696.86
ORDER_CHANGED_OK (注文の変更が完了した後に送られます),Buy_20111211_041600_939,0.01,BUY,90.8856,-49.1,2010/01/22 01:30:00 000,,2010/01/22 01:00:00 000 RSI : 23.34540747764801,false,9066497.0,JPY,99753.47,100.0,200,80,9.11,104653.47
ORDER_CHANGED_OK (注文の変更が完了した後に送られます),Buy_20111211_041600_939,0.01,BUY,90.8862,-103.1,2010/01/22 01:30:00 000,,2010/01/22 01:00:00 000 RSI : 23.34540747764801,false,8525891.0,JPY,94347.47,100.0,200,80,9.63,104653.47
ORDER_CHANGED_OK (注文の変更が完了した後に送られます),Buy_20111211_041600_939,0.01,BUY,90.8868,-66.7,2010/01/22 01:30:00 000,,2010/01/22 01:00:00 000 RSI : 23.34540747764801,false,8890285.0,JPY,97991.47,100.0,200,80,9.27,104653.47
ORDER_CHANGED_OK (注文の変更が完了した後に送られます),Buy_20111211_041600_939,0.01,BUY,90.8874,-126.7,2010/01/22 01:30:00 000,,2010/01/22 01:00:00 000 RSI : 23.34540747764801,false,8289679.0,JPY,91985.47,100.0,200,80,9.88,104653.47
ORDER_CHANGED_OK (注文の変更が完了した後に送られます),Buy_20111211_041600_939,0.01,BUY,90.8892,-88.9,2010/01/22 01:30:00 000,,2010/01/22 01:00:00 000 RSI : 23.34540747764801,false,8669073.0,JPY,95779.47,100.0,200,80,9.49,104653.47
ORDER_CHANGED_OK (注文の変更が完了した後に送られます),Buy_20111211_041600_939,0.01,BUY,90.8898,-104.0,2010/01/22 01:30:00 000,,2010/01/22 01:00:00 000 RSI : 23.34540747764801,false,8517255.0,JPY,94261.47,100.0,200,80,9.64,104653.47
ORDER_CHANGED_OK (注文の変更が完了した後に送られます),Buy_20111211_041600_939,0.01,BUY,90.8904,-65.5,2010/01/22 01:30:00 000,,2010/01/22 01:00:00 000 RSI : 23.34540747764801,false,8901649.0,JPY,98105.47,100.0,200,80,9.26,104653.47
ORDER_CHANGED_OK (注文の変更が完了した後に送られます),Buy_20111211_041600_939,0.01,BUY,90.891,-25.1,2010/01/22 01:30:00 000,,2010/01/22 01:00:00 000 RSI : 23.34540747764801,false,9306043.0,JPY,102149.47,100.0,200,80,8.9,104653.47
ORDER_CHANGED_OK (注文の変更が完了した後に送られます),Buy_20111211_041600_939,0.01,BUY,90.8916,-52.2,2010/01/22 01:30:00 000,,2010/01/22 01:00:00 000 RSI : 23.34540747764801,false,9035437.0,JPY,99443.47,100.0,200,80,9.14,104653.47
ORDER_CLOSE_OK (注文の決済が完了した後に送られます),Buy_20111211_041600_939,0.01,BUY,90.8916,6.3,2010/01/22 01:30:00 000,2010/02/03 23:59:59 999,2010/01/22 01:00:00 000 RSI : 23.34540747764801,false,9444831.0,JPY,103537.47,100.0,200,80,8.78,104653.47
ORDER_SUBMIT_OK (注文がサーバ側で受け付けた後に送られます),Sell_20111211_041607_724,0.01,SELL,91.08,0.0,,,2010/02/04 01:00:00 000 RSI : 72.48907316410472,false,1.0524381E7,JPY,105243.81,100.0,200,80,0.0,104653.47
ORDER_FILL_REJECTED (注文の約定がサーバ側で拒否された場合に送られます),Sell_20111211_041607_724,0.01,SELL,91.08,0.0,,2010/02/04 01:30:00 000,2010/02/04 01:00:00 000 RSI : 72.48907316410472,false,1.0524381E7,JPY,105243.81,100.0,200,80,0.0,104653.47
ORDER_SUBMIT_OK (注文がサーバ側で受け付けた後に送られます),Buy_20111211_041608_283,0.01,BUY,90.425,0.0,,,2010/02/05 00:00:00 000 RSI : 28.885860144829884,false,1.052438E7,JPY,105243.8,100.0,200,80,0.0,105243.8
ORDER_FILL_OK (注文が約定した後に送られます),Buy_20111211_041608_283,0.01,BUY,90.425,-2.0,2010/02/05 00:30:00 000,,2010/02/05 00:00:00 000 RSI : 28.885860144829884,false,1.052438E7,JPY,105243.8,100.0,200,80,0.0,105243.8
ORDER_CHANGED_OK (注文の変更が完了した後に送られます),Buy_20111211_041608_283,0.01,BUY,90.4256,-151.1,2010/02/05 00:30:00 000,,2010/02/05 00:00:00 000 RSI : 28.885860144829884,false,8105773.0,JPY,90100.23,100.0,200,80,10.04,105200.23
ORDER_CHANGED_OK (注文の変更が完了した後に送られます),Buy_20111211_041608_283,0.01,BUY,90.4262,-105.6,2010/02/05 00:30:00 000,,2010/02/05 00:00:00 000 RSI : 28.885860144829884,false,8560167.0,JPY,94644.23,100.0,200,80,9.55,105200.23
ORDER_CHANGED_OK (注文の変更が完了した後に送られます),Buy_20111211_041608_283,0.01,BUY,90.4268,-115.2,2010/02/05 00:30:00 000,,2010/02/05 00:00:00 000 RSI : 28.885860144829884,false,8464561.0,JPY,93688.23,100.0,200,80,9.65,105200.23
ORDER_CHANGED_OK (注文の変更が完了した後に送られます),Buy_20111211_041608_283,0.01,BUY,90.4274,-82.2,2010/02/05 00:30:00 000,,2010/02/05 00:00:00 000 RSI : 28.885860144829884,false,8793955.0,JPY,96982.23,100.0,200,80,9.32,105200.23
ORDER_CHANGED_OK (注文の変更が完了した後に送られます),Buy_20111211_041608_283,0.01,BUY,90.4292,-47.9,2010/02/05 00:30:00 000,,2010/02/05 00:00:00 000 RSI : 28.885860144829884,false,9138349.0,JPY,100426.23,100.0,200,80,9.0,105200.23
ORDER_CHANGED_OK (注文の変更が完了した後に送られます),Buy_20111211_041608_283,0.01,BUY,90.4298,-71.5,2010/02/05 00:30:00 000,,2010/02/05 00:00:00 000 RSI : 28.885860144829884,false,8901531.0,JPY,98058.23,100.0,200,80,9.22,105200.23
ORDER_CHANGED_OK (注文の変更が完了した後に送られます),Buy_20111211_041608_283,0.01,BUY,90.4304,-45.0,2010/02/05 00:30:00 000,,2010/02/05 00:00:00 000 RSI : 28.885860144829884,false,9165925.0,JPY,100702.23,100.0,200,80,8.98,105200.23
ORDER_CHANGED_OK (注文の変更が完了した後に送られます),Buy_20111211_041608_283,0.01,BUY,90.431,-46.6,2010/02/05 00:30:00 000,,2010/02/05 00:00:00 000 RSI : 28.885860144829884,false,9150319.0,JPY,100546.23,100.0,200,80,8.99,105200.23
ORDER_CHANGED_OK (注文の変更が完了した後に送られます),Buy_20111211_041608_283,0.01,BUY,90.4316,-28.2,2010/02/05 00:30:00 000,,2010/02/05 00:00:00 000 RSI : 28.885860144829884,false,9334713.0,JPY,102390.23,100.0,200,80,8.83,105200.23
ORDER_CLOSE_OK (注文の決済が完了した後に送られます),Buy_20111211_041608_283,0.01,BUY,90.4316,17.3,2010/02/05 00:30:00 000,2010/02/17 18:59:59 999,2010/02/05 00:00:00 000 RSI : 28.885860144829884,false,9614107.0,JPY,105184.23,100.0,200,80,8.6,105200.23
ORDER_SUBMIT_OK (注文がサーバ側で受け付けた後に送られます),Sell_20111211_041614_373,0.01,SELL,90.645,0.0,,,2010/02/17 20:30:00 000 RSI : 70.85183706561881,false,1.0689074E7,JPY,106890.74,100.0,200,80,0.0,105200.23
ORDER_FILL_REJECTED (注文の約定がサーバ側で拒否された場合に送られます),Sell_20111211_041614_373,0.01,SELL,90.645,0.0,,2010/02/17 21:00:00 000,2010/02/17 20:30:00 000 RSI : 70.85183706561881,false,1.0689074E7,JPY,106890.74,100.0,200,80,0.0,105200.23
ORDER_SUBMIT_OK (注文がサーバ側で受け付けた後に送られます),Sell_20111211_041614_544,0.01,SELL,91.105,0.0,,,2010/02/18 04:00:00 000 RSI : 71.91633970913452,false,1.0689057E7,JPY,106890.57,100.0,200,80,0.0,105200.23
ORDER_FILL_REJECTED (注文の約定がサーバ側で拒否された場合に送られます),Sell_20111211_041614_544,0.01,SELL,91.105,0.0,,2010/02/18 04:30:00 000,2010/02/18 04:00:00 000 RSI : 71.91633970913452,false,1.0689057E7,JPY,106890.57,100.0,200,80,0.0,105200.23
ORDER_SUBMIT_OK (注文がサーバ側で受け付けた後に送られます),Sell_20111211_041615_023,0.01,SELL,91.43,0.0,,,2010/02/19 01:00:00 000 RSI : 70.67778460195129,false,1.0689045E7,JPY,106890.45,100.0,200,80,0.0,106890.45
ORDER_FILL_REJECTED (注文の約定がサーバ側で拒否された場合に送られます),Sell_20111211_041615_023,0.01,SELL,91.43,0.0,,2010/02/19 01:30:00 000,2010/02/19 01:00:00 000 RSI : 70.67778460195129,false,1.0689045E7,JPY,106890.45,100.0,200,80,0.0,106890.45
ORDER_SUBMIT_OK (注文がサーバ側で受け付けた後に送られます),Sell_20111211_041615_120,0.01,SELL,91.795,0.0,,,2010/02/19 06:30:00 000 RSI : 71.8605312845473,false,1.0689045E7,JPY,106890.45,100.0,200,80,0.0,106890.45
ORDER_FILL_OK (注文が約定した後に送られます),Sell_20111211_041615_120,0.01,SELL,91.805,-2.0,2010/02/19 07:00:00 000,,2010/02/19 06:30:00 000 RSI : 71.8605312845473,false,1.0689045E7,JPY,106890.45,100.0,200,80,0.0,106890.45
ORDER_CLOSE_OK (注文の決済が完了した後に送られます),Sell_20111211_041615_120,0.01,SELL,91.805,6.5,2010/02/19 07:00:00 000,2010/02/19 12:29:59 999,2010/02/19 06:30:00 000 RSI : 71.8605312845473,false,9776589.0,JPY,106946.39,100.0,200,80,8.58,106890.45
ORDER_SUBMIT_OK (注文がサーバ側で受け付けた後に送られます),Buy_20111211_041616_472,0.01,BUY,91.28,0.0,,,2010/02/22 19:30:00 000 RSI : 28.49740893528146,false,1.0745249E7,JPY,107452.49,100.0,200,80,0.0,107452.49
ORDER_FILL_OK (注文が約定した後に送られます),Buy_20111211_041616_472,0.01,BUY,91.28,-2.0,2010/02/22 20:00:00 000,,2010/02/22 19:30:00 000 RSI : 28.49740893528146,false,1.0745249E7,JPY,107452.49,100.0,200,80,0.0,107452.49
ORDER_CLOSE_OK (注文の決済が完了した後に送られます),Buy_20111211_041616_472,0.01,BUY,91.28,8.0,2010/02/22 20:00:00 000,2010/02/22 21:29:59 999,2010/02/22 19:30:00 000 RSI : 28.49740893528146,false,9808068.0,JPY,107208.68,100.0,200,80,8.51,107452.49
ORDER_SUBMIT_OK (注文がサーバ側で受け付けた後に送られます),Buy_20111211_041617_115,0.01,BUY,90.65,0.0,,,2010/02/23 22:00:00 000 RSI : 27.79416789223172,false,1.0816503E7,JPY,108165.03,100.0,200,80,0.0,108165.03
ORDER_FILL_OK (注文が約定した後に送られます),Buy_20111211_041617_115,0.01,BUY,90.65,-2.0,2010/02/23 22:30:00 000,,2010/02/23 22:00:00 000 RSI : 27.79416789223172,false,1.0816503E7,JPY,108165.03,100.0,200,80,0.0,108165.03
ORDER_CLOSE_OK (注文の決済が完了した後に送られます),Buy_20111211_041617_115,0.01,BUY,90.65,5.0,2010/02/23 22:30:00 000,2010/02/23 22:59:59 999,2010/02/23 22:00:00 000 RSI : 27.79416789223172,false,9885652.0,JPY,107921.52,100.0,200,80,8.4,108165.03
ORDER_SUBMIT_OK (注文がサーバ側で受け付けた後に送られます),Buy_20111211_041617_171,0.01,BUY,90.34,0.0,,,2010/02/24 00:00:00 000 RSI : 24.581702713092003,false,1.0857789E7,JPY,108577.89,100.0,200,80,0.0,108165.03
ORDER_FILL_OK (注文が約定した後に送られます),Buy_20111211_041617_171,0.01,BUY,90.34,-2.0,2010/02/24 00:30:00 000,,2010/02/24 00:00:00 000 RSI : 24.581702713092003,false,1.0857789E7,JPY,108577.89,100.0,200,80,0.0,108165.03
ORDER_CHANGED_OK (注文の変更が完了した後に送られます),Buy_20111211_041617_171,0.01,BUY,90.3406,-17.1,2010/02/24 00:30:00 000,,2010/02/24 00:00:00 000 RSI : 24.581702713092003,false,9780027.0,JPY,106834.27,100.0,200,80,8.46,108534.27
ORDER_CHANGED_OK (注文の変更が完了した後に送られます),Buy_20111211_041617_171,0.01,BUY,90.3424,-17.2,2010/02/24 00:30:00 000,,2010/02/24 00:00:00 000 RSI : 24.581702713092003,false,9779421.0,JPY,106828.27,100.0,200,80,8.46,108534.27
ORDER_CHANGED_OK (注文の変更が完了した後に送られます),Buy_20111211_041617_171,0.01,BUY,90.343,-125.8,2010/02/24 00:30:00 000,,2010/02/24 00:00:00 000 RSI : 24.581702713092003,false,8692603.0,JPY,95960.27,100.0,200,80,9.41,108534.27
ORDER_CHANGED_OK (注文の変更が完了した後に送られます),Buy_20111211_041617_171,0.01,BUY,90.3436,-151.4,2010/02/24 00:30:00 000,,2010/02/24 00:00:00 000 RSI : 24.581702713092003,false,8436997.0,JPY,93404.27,100.0,200,80,9.67,108534.27
ORDER_CHANGED_OK (注文の変更が完了した後に送られます),Buy_20111211_041617_171,0.01,BUY,90.3442,-126.4,2010/02/24 00:30:00 000,,2010/02/24 00:00:00 000 RSI : 24.581702713092003,false,8686391.0,JPY,95898.27,100.0,200,80,9.42,108534.27
ORDER_CHANGED_OK (注文の変更が完了した後に送られます),Buy_20111211_041617_171,0.01,BUY,90.3448,-164.0,2010/02/24 00:30:00 000,,2010/02/24 00:00:00 000 RSI : 24.581702713092003,false,8310785.0,JPY,92142.27,100.0,200,80,9.8,108534.27
ORDER_CHANGED_OK (注文の変更が完了した後に送られます),Buy_20111211_041617_171,0.01,BUY,90.3466,-194.7,2010/02/24 00:30:00 000,,2010/02/24 00:00:00 000 RSI : 24.581702713092003,false,8005179.0,JPY,89086.27,100.0,200,80,10.14,108534.27
ORDER_CHANGED_OK (注文の変更が完了した後に送られます),Buy_20111211_041617_171,0.01,BUY,90.3472,-124.7,2010/02/24 00:30:00 000,,2010/02/24 00:00:00 000 RSI : 24.581702713092003,false,8703361.0,JPY,96068.27,100.0,200,80,9.4,108534.27
ORDER_CLOSE_OK (注文の決済が完了した後に送られます),Buy_20111211_041617_171,0.01,BUY,90.3472,6.3,2010/02/24 00:30:00 000,2010/03/06 00:29:59 999,2010/02/24 00:00:00 000 RSI : 24.581702713092003,false,9902755.0,JPY,108062.27,100.0,200,80,8.36,108534.27
ORDER_SUBMIT_OK (注文がサーバ側で受け付けた後に送られます),Sell_20111211_041623_294,0.01,SELL,90.515,0.0,,,2010/03/08 08:00:00 000 RSI : 70.7648963343848,false,1.091189E7,JPY,109118.9,100.0,200,80,0.0,109118.9
ORDER_FILL_OK (注文が約定した後に送られます),Sell_20111211_041623_294,0.01,SELL,90.515,-2.0,2010/03/08 08:30:00 000,,2010/03/08 08:00:00 000 RSI : 70.7648963343848,false,1.091189E7,JPY,109118.9,100.0,200,80,0.0,109118.9
ORDER_CLOSE_OK (注文の決済が完了した後に送られます),Sell_20111211_041623_294,0.01,SELL,90.515,13.5,2010/03/08 08:30:00 000,2010/03/08 09:59:59 999,2010/03/08 08:00:00 000 RSI : 70.7648963343848,false,1.0027397E7,JPY,109325.47,100.0,200,80,8.28,109118.9
ORDER_SUBMIT_OK (注文がサーバ側で受け付けた後に送られます),Buy_20111211_041624_016,0.01,BUY,89.995,0.0,,,2010/03/09 11:00:00 000 RSI : 29.826984468881374,false,1.1038222E7,JPY,110382.22,100.0,200,80,0.0,110382.22
ORDER_FILL_OK (注文が約定した後に送られます),Buy_20111211_041624_016,0.01,BUY,89.995,-2.0,2010/03/09 11:30:00 000,,2010/03/09 11:00:00 000 RSI : 29.826984468881374,false,1.1038222E7,JPY,110382.22,100.0,200,80,0.0,110382.22
ORDER_CLOSE_OK (注文の決済が完了した後に送られます),Buy_20111211_041624_016,0.01,BUY,89.995,5.0,2010/03/09 11:30:00 000,2010/03/09 17:29:59 999,2010/03/09 11:00:00 000 RSI : 29.826984468881374,false,1.0063955E7,JPY,109639.05,100.0,200,80,8.21,110382.22
ORDER_SUBMIT_OK (注文がサーバ側で受け付けた後に送られます),Sell_20111211_041624_816,0.01,SELL,90.44,0.0,,,2010/03/10 19:30:00 000 RSI : 72.22758078768501,false,1.1079584E7,JPY,110795.84,100.0,200,80,0.0,110795.84
ORDER_FILL_REJECTED (注文の約定がサーバ側で拒否された場合に送られます),Sell_20111211_041624_816,0.01,SELL,90.44,0.0,,2010/03/10 20:00:00 000,2010/03/10 19:30:00 000 RSI : 72.22758078768501,false,1.1079584E7,JPY,110795.84,100.0,200,80,0.0,110795.84
ORDER_SUBMIT_OK (注文がサーバ側で受け付けた後に送られます),Sell_20111211_041624_866,0.01,SELL,90.47,0.0,,,2010/03/10 22:00:00 000 RSI : 70.48938142302845,false,1.1079584E7,JPY,110795.84,100.0,200,80,0.0,110795.84
ORDER_FILL_REJECTED (注文の約定がサーバ側で拒否された場合に送られます),Sell_20111211_041624_866,0.01,SELL,90.47,0.0,,2010/03/10 22:30:00 000,2010/03/10 22:00:00 000 RSI : 70.48938142302845,false,1.1079584E7,JPY,110795.84,100.0,200,80,0.0,110795.84
ORDER_SUBMIT_OK (注文がサーバ側で受け付けた後に送られます),Sell_20111211_041624_886,0.01,SELL,90.58,0.0,,,2010/03/10 23:00:00 000 RSI : 70.91654018341733,false,1.1079584E7,JPY,110795.84,100.0,200,80,0.0,110795.84
ORDER_FILL_REJECTED (注文の約定がサーバ側で拒否された場合に送られます),Sell_20111211_041624_886,0.01,SELL,90.58,0.0,,2010/03/10 23:30:00 000,2010/03/10 23:00:00 000 RSI : 70.91654018341733,false,1.1079584E7,JPY,110795.84,100.0,200,80,0.0,110795.84
ORDER_SUBMIT_OK (注文がサーバ側で受け付けた後に送られます),Sell_20111211_041624_936,0.01,SELL,90.66,0.0,,,2010/03/11 01:00:00 000 RSI : 70.25630058864624,false,1.1079584E7,JPY,110795.84,100.0,200,80,0.0,110795.84
ORDER_FILL_REJECTED (注文の約定がサーバ側で拒否された場合に送られます),Sell_20111211_041624_936,0.01,SELL,90.66,0.0,,2010/03/11 01:30:00 000,2010/03/11 01:00:00 000 RSI : 70.25630058864624,false,1.1079584E7,JPY,110795.84,100.0,200,80,0.0,110795.84
ORDER_SUBMIT_OK (注文がサーバ側で受け付けた後に送られます),Buy_20111211_041626_014,0.01,BUY,90.305,0.0,,,2010/03/12 18:30:00 000 RSI : 27.84484048684189,false,1.1079584E7,JPY,110795.84,100.0,200,80,0.0,110795.84
ORDER_FILL_OK (注文が約定した後に送られます),Buy_20111211_041626_014,0.01,BUY,90.305,-2.0,2010/03/12 19:00:00 000,,2010/03/12 18:30:00 000 RSI : 27.84484048684189,false,1.1079584E7,JPY,110795.84,100.0,200,80,0.0,110795.84
ORDER_CLOSE_OK (注文の決済が完了した後に送られます),Buy_20111211_041626_014,0.01,BUY,90.305,9.0,2010/03/12 19:00:00 000,2010/03/12 20:29:59 999,2010/03/12 18:30:00 000 RSI : 27.84484048684189,false,1.0192198E7,JPY,110952.48,100.0,200,80,8.14,110795.84
ORDER_SUBMIT_OK (注文がサーバ側で受け付けた後に送られます),Sell_20111211_041626_143,0.01,SELL,90.945,0.0,,,2010/03/12 22:30:00 000 RSI : 70.93872256855461,false,1.1160894E7,JPY,111608.94,100.0,200,80,0.0,110795.84
ORDER_FILL_REJECTED (注文の約定がサーバ側で拒否された場合に送られます),Sell_20111211_041626_143,0.01,SELL,90.945,0.0,,2010/03/12 23:00:00 000,2010/03/12 22:30:00 000 RSI : 70.93872256855461,false,1.1160894E7,JPY,111608.94,100.0,200,80,0.0,110795.84
ORDER_SUBMIT_OK (注文がサーバ側で受け付けた後に送られます),Buy_20111211_041627_430,0.01,BUY,90.26,0.0,,,2010/03/16 09:00:00 000 RSI : 26.21513688599833,false,1.11609E7,JPY,111609.0,100.0,200,80,0.0,111609.0
ORDER_FILL_OK (注文が約定した後に送られます),Buy_20111211_041627_430,0.01,BUY,90.26,-2.0,2010/03/16 09:30:00 000,,2010/03/16 09:00:00 000 RSI : 26.21513688599833,false,1.11609E7,JPY,111609.0,100.0,200,80,0.0,111609.0
ORDER_CLOSE_OK (注文の決済が完了した後に送られます),Buy_20111211_041627_430,0.01,BUY,90.26,16.0,2010/03/16 09:30:00 000,2010/03/16 17:29:59 999,2010/03/16 09:00:00 000 RSI : 26.21513688599833,false,1.0268966E7,JPY,111715.66,100.0,200,80,8.08,111609.0
ORDER_SUBMIT_OK (注文がサーバ側で受け付けた後に送られます),Sell_20111211_041627_656,0.01,SELL,90.625,0.0,,,2010/03/16 19:30:00 000 RSI : 70.54166012445073,false,1.1312203E7,JPY,113122.03,100.0,200,80,0.0,111609.0
ORDER_FILL_REJECTED (注文の約定がサーバ側で拒否された場合に送られます),Sell_20111211_041627_656,0.01,SELL,90.625,0.0,,2010/03/16 20:00:00 000,2010/03/16 19:30:00 000 RSI : 70.54166012445073,false,1.1312203E7,JPY,113122.03,100.0,200,80,0.0,111609.0
ORDER_SUBMIT_OK (注文がサーバ側で受け付けた後に送られます),Sell_20111211_041628_850,0.01,SELL,90.65,0.0,,,2010/03/19 00:00:00 000 RSI : 72.22332530945941,false,1.1312231E7,JPY,113122.31,100.0,200,80,0.0,113122.31
ORDER_FILL_REJECTED (注文の約定がサーバ側で拒否された場合に送られます),Sell_20111211_041628_850,0.01,SELL,90.65,0.0,,2010/03/19 00:30:00 000,2010/03/19 00:00:00 000 RSI : 72.22332530945941,false,1.1312231E7,JPY,113122.31,100.0,200,80,0.0,113122.31
ORDER_SUBMIT_OK (注文がサーバ側で受け付けた後に送られます),Buy_20111211_041630_538,0.01,BUY,90.005,0.0,,,2010/03/22 22:00:00 000 RSI : 25.232097999636576,false,1.1312231E7,JPY,113122.31,100.0,200,80,0.0,113122.31
ORDER_FILL_OK (注文が約定した後に送られます),Buy_20111211_041630_538,0.01,BUY,90.005,-2.0,2010/03/22 22:30:00 000,,2010/03/22 22:00:00 000 RSI : 25.232097999636576,false,1.1312231E7,JPY,113122.31,100.0,200,80,0.0,113122.31
ORDER_CLOSE_OK (注文の決済が完了した後に送られます),Buy_20111211_041630_538,0.01,BUY,90.005,5.5,2010/03/22 22:30:00 000,2010/03/22 22:59:59 999,2010/03/22 22:00:00 000 RSI : 25.232097999636576,false,1.0387861E7,JPY,112879.11,100.0,200,80,7.97,113122.31
ORDER_SUBMIT_OK (注文がサーバ側で受け付けた後に送られます),Sell_20111211_041631_583,0.01,SELL,90.82,0.0,,,2010/03/24 17:00:00 000 RSI : 74.96612472581856,false,1.1358578E7,JPY,113585.78,100.0,200,80,0.0,113585.78
ORDER_FILL_REJECTED (注文の約定がサーバ側で拒否された場合に送られます),Sell_20111211_041631_583,0.01,SELL,90.82,0.0,,2010/03/24 17:30:00 000,2010/03/24 17:00:00 000 RSI : 74.96612472581856,false,1.1358578E7,JPY,113585.78,100.0,200,80,0.0,113585.78
ORDER_SUBMIT_OK (注文がサーバ側で受け付けた後に送られます),Sell_20111211_041632_413,0.01,SELL,92.415,0.0,,,2010/03/25 22:00:00 000 RSI : 72.62847406868332,false,1.1358578E7,JPY,113585.78,100.0,200,80,0.0,113585.78
ORDER_FILL_REJECTED (注文の約定がサーバ側で拒否された場合に送られます),Sell_20111211_041632_413,0.01,SELL,92.415,0.0,,2010/03/25 22:30:00 000,2010/03/25 22:00:00 000 RSI : 72.62847406868332,false,1.1358578E7,JPY,113585.78,100.0,200,80,0.0,113585.78
ORDER_SUBMIT_OK (注文がサーバ側で受け付けた後に送られます),Sell_20111211_041632_474,0.01,SELL,92.505,0.0,,,2010/03/26 00:00:00 000 RSI : 71.21167097123998,false,1.1358578E7,JPY,113585.78,100.0,200,80,0.0,113585.78
ORDER_FILL_REJECTED (注文の約定がサーバ側で拒否された場合に送られます),Sell_20111211_041632_474,0.01,SELL,92.505,0.0,,2010/03/26 00:30:00 000,2010/03/26 00:00:00 000 RSI : 71.21167097123998,false,1.1358578E7,JPY,113585.78,100.0,200,80,0.0,113585.78
ORDER_SUBMIT_OK (注文がサーバ側で受け付けた後に送られます),Sell_20111211_041632_566,0.01,SELL,92.78,0.0,,,2010/03/26 03:30:00 000 RSI : 71.1862842472832,false,1.1358578E7,JPY,113585.78,100.0,200,80,0.0,113585.78
ORDER_FILL_REJECTED (注文の約定がサーバ側で拒否された場合に送られます),Sell_20111211_041632_566,0.01,SELL,92.78,0.0,,2010/03/26 04:00:00 000,2010/03/26 03:30:00 000 RSI : 71.1862842472832,false,1.1358578E7,JPY,113585.78,100.0,200,80,0.0,113585.78
ORDER_SUBMIT_OK (注文がサーバ側で受け付けた後に送られます),Buy_20111211_041634_234,0.01,BUY,92.18,0.0,,,2010/03/30 09:00:00 000 RSI : 28.42249429983007,false,1.1358578E7,JPY,113585.78,100.0,200,80,0.0,113585.78
ORDER_FILL_OK (注文が約定した後に送られます),Buy_20111211_041634_234,0.01,BUY,92.18,-2.0,2010/03/30 09:30:00 000,,2010/03/30 09:00:00 000 RSI : 28.42249429983007,false,1.1358578E7,JPY,113585.78,100.0,200,80,0.0,113585.78
ORDER_CLOSE_OK (注文の決済が完了した後に送られます),Buy_20111211_041634_234,0.01,BUY,92.18,13.0,2010/03/30 09:30:00 000,2010/03/30 10:29:59 999,2010/03/30 09:00:00 000 RSI : 28.42249429983007,false,1.0417354E7,JPY,113391.54,100.0,200,80,8.13,113585.78
ORDER_SUBMIT_OK (注文がサーバ側で受け付けた後に送られます),Sell_20111211_041634_573,0.01,SELL,92.91,0.0,,,2010/03/30 23:00:00 000 RSI : 70.44915730215988,false,1.1479752E7,JPY,114797.52,100.0,200,80,0.0,113585.78
ORDER_FILL_REJECTED (注文の約定がサーバ側で拒否された場合に送られます),Sell_20111211_041634_573,0.01,SELL,92.91,0.0,,2010/03/30 23:30:00 000,2010/03/30 23:00:00 000 RSI : 70.44915730215988,false,1.1479752E7,JPY,114797.52,100.0,200,80,0.0,113585.78
ORDER_SUBMIT_OK (注文がサーバ側で受け付けた後に送られます),Sell_20111211_041634_868,0.01,SELL,93.31,0.0,,,2010/03/31 10:00:00 000 RSI : 74.00423974201554,false,1.1479765E7,JPY,114797.65,100.0,200,80,0.0,114797.65
ORDER_FILL_REJECTED (注文の約定がサーバ側で拒否された場合に送られます),Sell_20111211_041634_868,0.01,SELL,93.31,0.0,,2010/03/31 10:30:00 000,2010/03/31 10:00:00 000 RSI : 74.00423974201554,false,1.1479765E7,JPY,114797.65,100.0,200,80,0.0,114797.65
ORDER_SUBMIT_OK (注文がサーバ側で受け付けた後に送られます),Sell_20111211_041634_888,0.01,SELL,93.275,0.0,,,2010/03/31 11:00:00 000 RSI : 70.532243934043,false,1.1479765E7,JPY,114797.65,100.0,200,80,0.0,114797.65
ORDER_FILL_REJECTED (注文の約定がサーバ側で拒否された場合に送られます),Sell_20111211_041634_888,0.01,SELL,93.275,0.0,,2010/03/31 11:30:00 000,2010/03/31 11:00:00 000 RSI : 70.532243934043,false,1.1479765E7,JPY,114797.65,100.0,200,80,0.0,114797.65
ORDER_SUBMIT_OK (注文がサーバ側で受け付けた後に送られます),Sell_20111211_041634_910,0.01,SELL,93.32,0.0,,,2010/03/31 12:00:00 000 RSI : 70.59708259788202,false,1.1479765E7,JPY,114797.65,100.0,200,80,0.0,114797.65
ORDER_FILL_REJECTED (注文の約定がサーバ側で拒否された場合に送られます),Sell_20111211_041634_910,0.01,SELL,93.32,0.0,,2010/03/31 12:30:00 000,2010/03/31 12:00:00 000 RSI : 70.59708259788202,false,1.1479765E7,JPY,114797.65,100.0,200,80,0.0,114797.65
ORDER_SUBMIT_OK (注文がサーバ側で受け付けた後に送られます),Sell_20111211_041636_307,0.01,SELL,94.47,0.0,,,2010/04/02 21:30:00 000 RSI : 78.75661787286796,false,1.1479765E7,JPY,114797.65,100.0,200,80,0.0,114797.65
ORDER_FILL_REJECTED (注文の約定がサーバ側で拒否された場合に送られます),Sell_20111211_041636_307,0.01,SELL,94.47,0.0,,2010/04/02 22:00:00 000,2010/04/02 21:30:00 000 RSI : 78.75661787286796,false,1.1479765E7,JPY,114797.65,100.0,200,80,0.0,114797.65
ORDER_SUBMIT_OK (注文がサーバ側で受け付けた後に送られます),Sell_20111211_041636_414,0.01,SELL,94.565,0.0,,,2010/04/03 01:30:00 000 RSI : 70.74222499518977,false,1.1479765E7,JPY,114797.65,100.0,200,80,0.0,114797.65
ORDER_FILL_REJECTED (注文の約定がサーバ側で拒否された場合に送られます),Sell_20111211_041636_414,0.01,SELL,94.565,0.0,,2010/04/03 02:00:00 000,2010/04/03 01:30:00 000 RSI : 70.74222499518977,false,1.1479765E7,JPY,114797.65,100.0,200,80,0.0,114797.65
ORDER_SUBMIT_OK (注文がサーバ側で受け付けた後に送られます),Sell_20111211_041636_478,0.01,SELL,94.6,0.0,,,2010/04/03 05:00:00 000 RSI : 70.7027235493229,false,1.1479765E7,JPY,114797.65,100.0,200,80,0.0,114797.65
ORDER_FILL_OK (注文が約定した後に送られます),Sell_20111211_041636_478,0.01,SELL,94.6,-2.0,2010/04/03 05:30:00 000,,2010/04/03 05:00:00 000 RSI : 70.7027235493229,false,1.1479765E7,JPY,114797.65,100.0,200,80,0.0,114797.65
ORDER_CHANGED_OK (注文の変更が完了した後に送られます),Sell_20111211_041636_478,0.01,SELL,94.599,-3.6,2010/04/03 05:30:00 000,,2010/04/03 05:00:00 000 RSI : 70.7027235493229,false,1.0494223E7,JPY,114402.23,100.0,200,80,8.27,114752.23
ORDER_CLOSE_OK (注文の決済が完了した後に送られます),Sell_20111211_041636_478,0.01,SELL,94.599,5.9,2010/04/03 05:30:00 000,2010/04/05 08:59:59 999,2010/04/03 05:00:00 000 RSI : 70.7027235493229,false,1.0553233E7,JPY,114992.23,100.0,200,80,8.23,114752.23
ORDER_SUBMIT_OK (注文がサーバ側で受け付けた後に送られます),Buy_20111211_041637_649,0.01,BUY,93.985,0.0,,,2010/04/06 13:00:00 000 RSI : 29.258191978998806,false,1.1529693E7,JPY,115296.93,100.0,200,80,0.0,115296.93
ORDER_FILL_OK (注文が約定した後に送られます),Buy_20111211_041637_649,0.01,BUY,93.985,-2.0,2010/04/06 13:30:00 000,,2010/04/06 13:00:00 000 RSI : 29.258191978998806,false,1.1529693E7,JPY,115296.93,100.0,200,80,0.0,115296.93
ORDER_CHANGED_OK (注文の変更が完了した後に送られます),Buy_20111211_041637_649,0.01,BUY,93.9856,-20.6,2010/04/06 13:30:00 000,,2010/04/06 13:00:00 000 RSI : 29.258191978998806,false,1.0380341E7,JPY,113201.91,100.0,200,80,8.3,115251.91
ORDER_CLOSE_OK (注文の決済が完了した後に送られます),Buy_20111211_041637_649,0.01,BUY,93.9856,20.4,2010/04/06 13:30:00 000,2010/04/07 11:29:59 999,2010/04/06 13:00:00 000 RSI : 29.258191978998806,false,1.0609735E7,JPY,115495.91,100.0,200,80,8.14,115251.91
ORDER_SUBMIT_OK (注文がサーバ側で受け付けた後に送られます),Buy_20111211_041638_433,0.01,BUY,93.315,0.0,,,2010/04/08 02:30:00 000 RSI : 26.990571401704077,false,1.1725102E7,JPY,117251.02,100.0,200,80,0.0,115251.91
ORDER_FILL_OK (注文が約定した後に送られます),Buy_20111211_041638_433,0.01,BUY,93.315,-2.0,2010/04/08 03:00:00 000,,2010/04/08 02:30:00 000 RSI : 26.990571401704077,false,1.1725102E7,JPY,117251.02,100.0,200,80,0.0,115251.91
ORDER_CHANGED_OK (注文の変更が完了した後に送られます),Buy_20111211_041638_433,0.01,BUY,93.3168,3.3,2010/04/08 03:00:00 000,,2010/04/08 02:30:00 000 RSI : 26.990571401704077,false,1.0822478E7,JPY,117556.28,100.0,200,80,7.94,117206.28
ORDER_CLOSE_OK (注文の決済が完了した後に送られます),Buy_20111211_041638_433,0.01,BUY,93.3168,7.3,2010/04/08 03:00:00 000,2010/04/09 02:59:59 999,2010/04/08 02:30:00 000 RSI : 26.990571401704077,false,1.079566E7,JPY,117288.28,100.0,200,80,7.96,117206.28
ORDER_SUBMIT_OK (注文がサーバ側で受け付けた後に送られます),Sell_20111211_041639_137,0.01,SELL,93.6,0.0,,,2010/04/09 09:30:00 000 RSI : 72.19412127800635,false,1.1789346E7,JPY,117893.46,100.0,200,80,0.0,117893.46
ORDER_FILL_REJECTED (注文の約定がサーバ側で拒否された場合に送られます),Sell_20111211_041639_137,0.01,SELL,93.6,0.0,,2010/04/09 10:00:00 000,2010/04/09 09:30:00 000 RSI : 72.19412127800635,false,1.1789346E7,JPY,117893.46,100.0,200,80,0.0,117893.46
ORDER_SUBMIT_OK (注文がサーバ側で受け付けた後に送られます),Buy_20111211_041640_610,0.01,BUY,92.93,0.0,,,2010/04/13 09:00:00 000 RSI : 28.541247467608077,false,1.1789346E7,JPY,117893.46,100.0,200,80,0.0,117893.46
ORDER_FILL_OK (注文が約定した後に送られます),Buy_20111211_041640_610,0.01,BUY,92.93,-2.0,2010/04/13 09:30:00 000,,2010/04/13 09:00:00 000 RSI : 28.541247467608077,false,1.1789346E7,JPY,117893.46,100.0,200,80,0.0,117893.46
ORDER_CLOSE_OK (注文の決済が完了した後に送られます),Buy_20111211_041640_610,0.01,BUY,92.93,20.0,2010/04/13 09:30:00 000,2010/04/13 16:29:59 999,2010/04/13 09:00:00 000 RSI : 28.541247467608077,false,1.0680593E7,JPY,116098.93,100.0,200,80,8.0,117893.46
ORDER_SUBMIT_OK (注文がサーバ側で受け付けた後に送られます),Buy_20111211_041641_381,0.01,BUY,93.025,0.0,,,2010/04/15 00:30:00 000 RSI : 29.6199233324987,false,1.1980399E7,JPY,119803.99,100.0,200,80,0.0,119803.99
ORDER_FILL_OK (注文が約定した後に送られます),Buy_20111211_041641_381,0.01,BUY,93.025,-2.0,2010/04/15 01:00:00 000,,2010/04/15 00:30:00 000 RSI : 29.6199233324987,false,1.1980399E7,JPY,119803.99,100.0,200,80,0.0,119803.99
ORDER_CLOSE_OK (注文の決済が完了した後に送られます),Buy_20111211_041641_381,0.01,BUY,93.025,8.5,2010/04/15 01:00:00 000,2010/04/15 01:29:59 999,2010/04/15 00:30:00 000 RSI : 29.6199233324987,false,1.1025684E7,JPY,119559.34,100.0,200,80,7.78,119803.99
ORDER_SUBMIT_OK (注文がサーバ側で受け付けた後に送られます),Buy_20111211_041641_826,0.01,BUY,92.995,0.0,,,2010/04/15 17:30:00 000 RSI : 29.85358848531916,false,1.2056449E7,JPY,120564.49,100.0,200,80,0.0,120564.49
ORDER_FILL_OK (注文が約定した後に送られます),Buy_20111211_041641_826,0.01,BUY,92.995,-2.0,2010/04/15 18:00:00 000,,2010/04/15 17:30:00 000 RSI : 29.85358848531916,false,1.2056449E7,JPY,120564.49,100.0,200,80,0.0,120564.49
ORDER_CLOSE_OK (注文の決済が完了した後に送られます),Buy_20111211_041641_826,0.01,BUY,92.995,7.0,2010/04/15 18:00:00 000,2010/04/15 18:29:59 999,2010/04/15 17:30:00 000 RSI : 29.85358848531916,false,1.1102036E7,JPY,120319.86,100.0,200,80,7.73,120564.49
ORDER_SUBMIT_OK (注文がサーバ側で受け付けた後に送られます),Buy_20111211_041642_207,0.01,BUY,92.695,0.0,,,2010/04/16 11:00:00 000 RSI : 29.125725315982372,false,1.2117518E7,JPY,121175.18,100.0,200,80,0.0,121175.18
ORDER_FILL_OK (注文が約定した後に送られます),Buy_20111211_041642_207,0.01,BUY,92.695,-2.0,2010/04/16 11:30:00 000,,2010/04/16 11:00:00 000 RSI : 29.125725315982372,false,1.2117518E7,JPY,121175.18,100.0,200,80,0.0,121175.18
ORDER_CLOSE_OK (注文の決済が完了した後に送られます),Buy_20111211_041642_207,0.01,BUY,92.695,5.0,2010/04/16 11:30:00 000,2010/04/16 14:29:59 999,2010/04/16 11:00:00 000 RSI : 29.125725315982372,false,1.1231116E7,JPY,121580.66,100.0,200,80,7.62,121175.18
ORDER_SUBMIT_OK (注文がサーバ側で受け付けた後に送られます),Buy_20111211_041642_443,0.01,BUY,92.25,0.0,,,2010/04/16 23:30:00 000 RSI : 28.465241572169358,false,1.2158644E7,JPY,121586.44,100.0,200,80,0.0,121175.18
ORDER_FILL_OK (注文が約定した後に送られます),Buy_20111211_041642_443,0.01,BUY,92.25,-2.0,2010/04/17 00:00:00 000,,2010/04/16 23:30:00 000 RSI : 28.465241572169358,false,1.2158644E7,JPY,121586.44,100.0,200,80,0.0,121175.18
ORDER_CHANGED_OK (注文の変更が完了した後に送られます),Buy_20111211_041642_443,0.01,BUY,92.2506,-7.6,2010/04/17 00:00:00 000,,2010/04/16 23:30:00 000 RSI : 28.465241572169358,false,1.1156651E7,JPY,120791.51,100.0,200,80,7.64,121541.51
ORDER_CLOSE_OK (注文の決済が完了した後に送られます),Buy_20111211_041642_443,0.01,BUY,92.2506,5.4,2010/04/17 00:00:00 000,2010/04/20 01:59:59 999,2010/04/16 23:30:00 000 RSI : 28.465241572169358,false,1.1276045E7,JPY,121985.51,100.0,200,80,7.56,121541.51
ORDER_SUBMIT_OK (注文がサーバ側で受け付けた後に送られます),Sell_20111211_041643_909,0.01,SELL,92.63,0.0,,,2010/04/20 10:00:00 000 RSI : 71.14965867587841,false,1.2204116E7,JPY,122041.16,100.0,200,80,0.0,122041.16
ORDER_FILL_REJECTED (注文の約定がサーバ側で拒否された場合に送られます),Sell_20111211_041643_909,0.01,SELL,92.63,0.0,,2010/04/20 10:30:00 000,2010/04/20 10:00:00 000 RSI : 71.14965867587841,false,1.2204116E7,JPY,122041.16,100.0,200,80,0.0,122041.16
ORDER_SUBMIT_OK (注文がサーバ側で受け付けた後に送られます),Sell_20111211_041644_422,0.01,SELL,92.855,0.0,,,2010/04/20 16:30:00 000 RSI : 73.87329754951291,false,1.2204116E7,JPY,122041.16,100.0,200,80,0.0,122041.16
ORDER_FILL_REJECTED (注文の約定がサーバ側で拒否された場合に送られます),Sell_20111211_041644_422,0.01,SELL,92.855,0.0,,2010/04/20 17:00:00 000,2010/04/20 16:30:00 000 RSI : 73.87329754951291,false,1.2204116E7,JPY,122041.16,100.0,200,80,0.0,122041.16
ORDER_SUBMIT_OK (注文がサーバ側で受け付けた後に送られます),Sell_20111211_041644_430,0.01,SELL,92.84,0.0,,,2010/04/20 17:30:00 000 RSI : 70.21135891948357,false,1.2204116E7,JPY,122041.16,100.0,200,80,0.0,122041.16
ORDER_FILL_REJECTED (注文の約定がサーバ側で拒否された場合に送られます),Sell_20111211_041644_430,0.01,SELL,92.84,0.0,,2010/04/20 18:00:00 000,2010/04/20 17:30:00 000 RSI : 70.21135891948357,false,1.2204116E7,JPY,122041.16,100.0,200,80,0.0,122041.16
ORDER_SUBMIT_OK (注文がサーバ側で受け付けた後に送られます),Sell_20111211_041644_479,0.01,SELL,92.93,0.0,,,2010/04/20 19:30:00 000 RSI : 71.28794007335519,false,1.2204116E7,JPY,122041.16,100.0,200,80,0.0,122041.16
ORDER_FILL_REJECTED (注文の約定がサーバ側で拒否された場合に送られます),Sell_20111211_041644_479,0.01,SELL,92.93,0.0,,2010/04/20 20:00:00 000,2010/04/20 19:30:00 000 RSI : 71.28794007335519,false,1.2204116E7,JPY,122041.16,100.0,200,80,0.0,122041.16
ORDER_SUBMIT_OK (注文がサーバ側で受け付けた後に送られます),Sell_20111211_041644_496,0.01,SELL,93.15,0.0,,,2010/04/20 22:00:00 000 RSI : 75.20431422922243,false,1.2204116E7,JPY,122041.16,100.0,200,80,0.0,122041.16
ORDER_FILL_REJECTED (注文の約定がサーバ側で拒否された場合に送られます),Sell_20111211_041644_496,0.01,SELL,93.15,0.0,,2010/04/20 22:30:00 000,2010/04/20 22:00:00 000 RSI : 75.20431422922243,false,1.2204116E7,JPY,122041.16,100.0,200,80,0.0,122041.16
ORDER_SUBMIT_OK (注文がサーバ側で受け付けた後に送られます),Sell_20111211_041644_510,0.01,SELL,93.27,0.0,,,2010/04/21 00:00:00 000 RSI : 72.06438854678134,false,1.2204116E7,JPY,122041.16,100.0,200,80,0.0,122041.16
ORDER_FILL_REJECTED (注文の約定がサーバ側で拒否された場合に送られます),Sell_20111211_041644_510,0.01,SELL,93.27,0.0,,2010/04/21 00:30:00 000,2010/04/21 00:00:00 000 RSI : 72.06438854678134,false,1.2204116E7,JPY,122041.16,100.0,200,80,0.0,122041.16
ORDER_SUBMIT_OK (注文がサーバ側で受け付けた後に送られます),Buy_20111211_041645_337,0.01,BUY,92.755,0.0,,,2010/04/22 11:30:00 000 RSI : 29.474739970027684,false,1.2204116E7,JPY,122041.16,100.0,200,80,0.0,122041.16
ORDER_FILL_OK (注文が約定した後に送られます),Buy_20111211_041645_337,0.01,BUY,92.755,-2.0,2010/04/22 12:00:00 000,,2010/04/22 11:30:00 000 RSI : 29.474739970027684,false,1.2204116E7,JPY,122041.16,100.0,200,80,0.0,122041.16
ORDER_CLOSE_OK (注文の決済が完了した後に送られます),Buy_20111211_041645_337,0.01,BUY,92.755,7.0,2010/04/22 12:00:00 000,2010/04/22 12:29:59 999,2010/04/22 11:30:00 000 RSI : 29.474739970027684,false,1.1252114E7,JPY,121796.64,100.0,200,80,7.62,122041.16
ORDER_SUBMIT_OK (注文がサーバ側で受け付けた後に送られます),Sell_20111211_041645_792,0.01,SELL,93.61,0.0,,,2010/04/23 04:30:00 000 RSI : 71.12372991893304,false,1.2265233E7,JPY,122652.33,100.0,200,80,0.0,122041.16
ORDER_FILL_REJECTED (注文の約定がサーバ側で拒否された場合に送られます),Sell_20111211_041645_792,0.01,SELL,93.61,0.0,,2010/04/23 05:00:00 000,2010/04/23 04:30:00 000 RSI : 71.12372991893304,false,1.2265233E7,JPY,122652.33,100.0,200,80,0.0,122041.16
ORDER_SUBMIT_OK (注文がサーバ側で受け付けた後に送られます),Sell_20111211_041646_208,0.01,SELL,93.79,0.0,,,2010/04/23 20:30:00 000 RSI : 74.61908449769882,false,1.2265235E7,JPY,122652.35,100.0,200,80,0.0,122652.35
ORDER_FILL_REJECTED (注文の約定がサーバ側で拒否された場合に送られます),Sell_20111211_041646_208,0.01,SELL,93.79,0.0,,2010/04/23 21:00:00 000,2010/04/23 20:30:00 000 RSI : 74.61908449769882,false,1.2265235E7,JPY,122652.35,100.0,200,80,0.0,122652.35
ORDER_SUBMIT_OK (注文がサーバ側で受け付けた後に送られます),Sell_20111211_041646_330,0.01,SELL,94.185,0.0,,,2010/04/24 01:30:00 000 RSI : 71.01238037601784,false,1.2265235E7,JPY,122652.35,100.0,200,80,0.0,122652.35
ORDER_FILL_REJECTED (注文の約定がサーバ側で拒否された場合に送られます),Sell_20111211_041646_330,0.01,SELL,94.185,0.0,,2010/04/24 02:00:00 000,2010/04/24 01:30:00 000 RSI : 71.01238037601784,false,1.2265235E7,JPY,122652.35,100.0,200,80,0.0,122652.35
ORDER_SUBMIT_OK (注文がサーバ側で受け付けた後に送られます),Buy_20111211_041647_760,0.01,BUY,93.19,0.0,,,2010/04/28 00:00:00 000 RSI : 28.16912397366358,false,1.2265235E7,JPY,122652.35,100.0,200,80,0.0,122652.35
ORDER_FILL_OK (注文が約定した後に送られます),Buy_20111211_041647_760,0.01,BUY,93.19,-2.0,2010/04/28 00:30:00 000,,2010/04/28 00:00:00 000 RSI : 28.16912397366358,false,1.2265235E7,JPY,122652.35,100.0,200,80,0.0,122652.35
ORDER_CLOSE_OK (注文の決済が完了した後に送られます),Buy_20111211_041647_760,0.01,BUY,93.19,14.0,2010/04/28 00:30:00 000,2010/04/28 02:29:59 999,2010/04/28 00:00:00 000 RSI : 28.16912397366358,false,1.1198868E7,JPY,121307.68,100.0,200,80,7.68,122652.35
ORDER_SUBMIT_OK (注文がサーバ側で受け付けた後に送られます),Sell_20111211_041648_243,0.01,SELL,93.86,0.0,,,2010/04/28 18:30:00 000 RSI : 74.30226397740032,false,1.2396282E7,JPY,123962.82,100.0,200,80,0.0,123962.82
ORDER_FILL_REJECTED (注文の約定がサーバ側で拒否された場合に送られます),Sell_20111211_041648_243,0.01,SELL,93.86,0.0,,2010/04/28 19:00:00 000,2010/04/28 18:30:00 000 RSI : 74.30226397740032,false,1.2396282E7,JPY,123962.82,100.0,200,80,0.0,123962.82
ORDER_SUBMIT_OK (注文がサーバ側で受け付けた後に送られます),Sell_20111211_041648_280,0.01,SELL,93.83,0.0,,,2010/04/28 20:00:00 000 RSI : 70.04628334989248,false,1.2396282E7,JPY,123962.82,100.0,200,80,0.0,123962.82
ORDER_FILL_REJECTED (注文の約定がサーバ側で拒否された場合に送られます),Sell_20111211_041648_280,0.01,SELL,93.83,0.0,,2010/04/28 20:30:00 000,2010/04/28 20:00:00 000 RSI : 70.04628334989248,false,1.2396282E7,JPY,123962.82,100.0,200,80,0.0,123962.82
ORDER_SUBMIT_OK (注文がサーバ側で受け付けた後に送られます),Sell_20111211_041648_305,0.01,SELL,93.97,0.0,,,2010/04/28 21:00:00 000 RSI : 73.23596413445172,false,1.2396282E7,JPY,123962.82,100.0,200,80,0.0,123962.82
ORDER_FILL_REJECTED (注文の約定がサーバ側で拒否された場合に送られます),Sell_20111211_041648_305,0.01,SELL,93.97,0.0,,2010/04/28 21:30:00 000,2010/04/28 21:00:00 000 RSI : 73.23596413445172,false,1.2396282E7,JPY,123962.82,100.0,200,80,0.0,123962.82
ORDER_SUBMIT_OK (注文がサーバ側で受け付けた後に送られます),Sell_20111211_041648_430,0.01,SELL,94.17,0.0,,,2010/04/29 02:30:00 000 RSI : 71.5612942772216,false,1.2396282E7,JPY,123962.82,100.0,200,80,0.0,123962.82
ORDER_FILL_REJECTED (注文の約定がサーバ側で拒否された場合に送られます),Sell_20111211_041648_430,0.01,SELL,94.17,0.0,,2010/04/29 03:00:00 000,2010/04/29 02:30:00 000 RSI : 71.5612942772216,false,1.2396282E7,JPY,123962.82,100.0,200,80,0.0,123962.82
ORDER_SUBMIT_OK (注文がサーバ側で受け付けた後に送られます),Sell_20111211_041649_765,0.01,SELL,94.425,0.0,,,2010/04/30 18:00:00 000 RSI : 70.34380295263732,false,1.2396282E7,JPY,123962.82,100.0,200,80,0.0,123962.82
ORDER_FILL_REJECTED (注文の約定がサーバ側で拒否された場合に送られます),Sell_20111211_041649_765,0.01,SELL,94.425,0.0,,2010/04/30 18:30:00 000,2010/04/30 18:00:00 000 RSI : 70.34380295263732,false,1.2396282E7,JPY,123962.82,100.0,200,80,0.0,123962.82
ORDER_SUBMIT_OK (注文がサーバ側で受け付けた後に送られます),Sell_20111211_041649_825,0.01,SELL,94.56,0.0,,,2010/04/30 21:00:00 000 RSI : 70.73682387905154,false,1.2396282E7,JPY,123962.82,100.0,200,80,0.0,123962.82
ORDER_FILL_OK (注文が約定した後に送られます),Sell_20111211_041649_825,0.01,SELL,94.56,-2.0,2010/04/30 21:30:00 000,,2010/04/30 21:00:00 000 RSI : 70.73682387905154,false,1.2396282E7,JPY,123962.82,100.0,200,80,0.0,123962.82
ORDER_CLOSE_OK (注文の決済が完了した後に送られます),Sell_20111211_041649_825,0.01,SELL,94.56,21.5,2010/04/30 21:30:00 000,2010/04/30 21:59:59 999,2010/04/30 21:00:00 000 RSI : 70.73682387905154,false,1.1426143E7,JPY,123717.43,100.0,200,80,7.64,123962.82
ORDER_SUBMIT_OK (注文がサーバ側で受け付けた後に送られます),Sell_20111211_041650_757,0.01,SELL,94.435,0.0,,,2010/05/03 21:00:00 000 RSI : 73.04578167048899,false,1.2602176E7,JPY,126021.76,100.0,200,80,0.0,126021.76
ORDER_FILL_OK (注文が約定した後に送られます),Sell_20111211_041650_757,0.01,SELL,94.435,-2.0,2010/05/03 21:30:00 000,,2010/05/03 21:00:00 000 RSI : 73.04578167048899,false,1.2602176E7,JPY,126021.76,100.0,200,80,0.0,126021.76
ORDER_CHANGED_OK (注文の変更が完了した後に送られます),Sell_20111211_041650_757,0.01,SELL,94.434,-11.6,2010/05/03 21:30:00 000,,2010/05/03 21:00:00 000 RSI : 73.04578167048899,false,1.1538288E7,JPY,124826.38,100.0,200,80,7.57,125976.38
ORDER_CLOSE_OK (注文の決済が完了した後に送られます),Sell_20111211_041650_757,0.01,SELL,94.434,5.4,2010/05/03 21:30:00 000,2010/05/05 01:59:59 999,2010/05/03 21:00:00 000 RSI : 73.04578167048899,false,1.1612298E7,JPY,125566.38,100.0,200,80,7.52,125976.38
ORDER_SUBMIT_OK (注文がサーバ側で受け付けた後に送られます),Buy_20111211_041651_785,0.01,BUY,93.68,0.0,,,2010/05/06 03:00:00 000 RSI : 25.724789834605943,false,1.26471E7,JPY,126471.0,100.0,200,80,0.0,126471.0
ORDER_FILL_OK (注文が約定した後に送られます),Buy_20111211_041651_785,0.01,BUY,93.68,-2.0,2010/05/06 03:30:00 000,,2010/05/06 03:00:00 000 RSI : 25.724789834605943,false,1.26471E7,JPY,126471.0,100.0,200,80,0.0,126471.0
ORDER_CLOSE_OK (注文の決済が完了した後に送られます),Buy_20111211_041651_785,0.01,BUY,93.68,5.5,2010/05/06 03:30:00 000,2010/05/06 04:59:59 999,2010/05/06 03:00:00 000 RSI : 25.724789834605943,false,1.1650806E7,JPY,125876.06,100.0,200,80,7.44,126471.0
ORDER_SUBMIT_OK (注文がサーバ側で受け付けた後に送られます),Buy_20111211_041652_173,0.01,BUY,93.37,0.0,,,2010/05/06 15:30:00 000 RSI : 27.845929537039694,false,1.2693095E7,JPY,126930.95,100.0,200,80,0.0,126930.95
ORDER_FILL_OK (注文が約定した後に送られます),Buy_20111211_041652_173,0.01,BUY,93.37,-2.0,2010/05/06 16:00:00 000,,2010/05/06 15:30:00 000 RSI : 27.845929537039694,false,1.2693095E7,JPY,126930.95,100.0,200,80,0.0,126930.95
ORDER_CLOSE_OK (注文の決済が完了した後に送られます),Buy_20111211_041652_173,0.01,BUY,93.37,22.0,2010/05/06 16:00:00 000,2010/05/06 16:29:59 999,2010/05/06 15:30:00 000 RSI : 27.845929537039694,false,1.1734914E7,JPY,126686.14,100.0,200,80,7.37,126930.95
ORDER_SUBMIT_OK (注文がサーバ側で受け付けた後に送られます),Buy_20111211_041652_379,0.01,BUY,92.245,0.0,,,2010/05/07 00:30:00 000 RSI : 19.45776480088569,false,1.2904159E7,JPY,129041.59,100.0,200,80,0.0,126930.95
ORDER_FILL_OK (注文が約定した後に送られます),Buy_20111211_041652_379,0.01,BUY,92.245,-2.0,2010/05/07 01:00:00 000,,2010/05/07 00:30:00 000 RSI : 19.45776480088569,false,1.2904159E7,JPY,129041.59,100.0,200,80,0.0,126930.95
ORDER_CLOSE_OK (注文の決済が完了した後に送られます),Buy_20111211_041652_379,0.01,BUY,92.245,19.5,2010/05/07 01:00:00 000,2010/05/07 01:29:59 999,2010/05/07 00:30:00 000 RSI : 19.45776480088569,false,1.1957271E7,JPY,128797.21,100.0,200,80,7.16,126930.95
ORDER_SUBMIT_OK (注文がサーバ側で受け付けた後に送られます),Sell_20111211_041653_507,0.01,SELL,93.355,0.0,,,2010/05/10 16:30:00 000 RSI : 71.62495413888618,false,1.3090254E7,JPY,130902.54,100.0,200,80,0.0,130902.54
ORDER_FILL_REJECTED (注文の約定がサーバ側で拒否された場合に送られます),Sell_20111211_041653_507,0.01,SELL,93.355,0.0,,2010/05/10 17:00:00 000,2010/05/10 16:30:00 000 RSI : 71.62495413888618,false,1.3090254E7,JPY,130902.54,100.0,200,80,0.0,130902.54
ORDER_SUBMIT_OK (注文がサーバ側で受け付けた後に送られます),Buy_20111211_041653_977,0.01,BUY,92.45,0.0,,,2010/05/11 15:00:00 000 RSI : 28.80568991526941,false,1.3090254E7,JPY,130902.54,100.0,200,80,0.0,130902.54
ORDER_FILL_OK (注文が約定した後に送られます),Buy_20111211_041653_977,0.01,BUY,92.45,-2.0,2010/05/11 15:30:00 000,,2010/05/11 15:00:00 000 RSI : 28.80568991526941,false,1.3090254E7,JPY,130902.54,100.0,200,80,0.0,130902.54
ORDER_CLOSE_OK (注文の決済が完了した後に送られます),Buy_20111211_041653_977,0.01,BUY,92.45,7.0,2010/05/11 15:30:00 000,2010/05/11 16:29:59 999,2010/05/11 15:00:00 000 RSI : 28.80568991526941,false,1.2126318E7,JPY,130508.18,100.0,200,80,7.08,130902.54
ORDER_SUBMIT_OK (注文がサーバ側で受け付けた後に送られます),Sell_20111211_041655_115,0.01,SELL,93.48,0.0,,,2010/05/13 15:30:00 000 RSI : 70.51062280551132,false,1.315136E7,JPY,131513.6,100.0,200,80,0.0,131513.6
ORDER_FILL_REJECTED (注文の約定がサーバ側で拒否された場合に送られます),Sell_20111211_041655_115,0.01,SELL,93.48,0.0,,2010/05/13 16:00:00 000,2010/05/13 15:30:00 000 RSI : 70.51062280551132,false,1.315136E7,JPY,131513.6,100.0,200,80,0.0,131513.6
ORDER_SUBMIT_OK (注文がサーバ側で受け付けた後に送られます),Buy_20111211_041655_253,0.01,BUY,92.6,0.0,,,2010/05/13 23:30:00 000 RSI : 29.845979985284853,false,1.315136E7,JPY,131513.6,100.0,200,80,0.0,131513.6
ORDER_FILL_OK (注文が約定した後に送られます),Buy_20111211_041655_253,0.01,BUY,92.6,-2.0,2010/05/14 00:00:00 000,,2010/05/13 23:30:00 000 RSI : 29.845979985284853,false,1.315136E7,JPY,131513.6,100.0,200,80,0.0,131513.6
ORDER_CLOSE_OK (注文の決済が完了した後に送られます),Buy_20111211_041655_253,0.01,BUY,92.6,20.5,2010/05/14 00:00:00 000,2010/05/14 00:29:59 999,2010/05/13 23:30:00 000 RSI : 29.845979985284853,false,1.2200916E7,JPY,131269.16,100.0,200,80,7.05,131513.6
ORDER_SUBMIT_OK (注文がサーバ側で受け付けた後に送られます),Buy_20111211_041655_827,0.01,BUY,92.005,0.0,,,2010/05/14 23:30:00 000 RSI : 28.369856024454755,false,1.3347456E7,JPY,133474.56,100.0,200,80,0.0,133474.56
ORDER_FILL_OK (注文が約定した後に送られます),Buy_20111211_041655_827,0.01,BUY,92.005,-2.0,2010/05/15 00:00:00 000,,2010/05/14 23:30:00 000 RSI : 28.369856024454755,false,1.3347456E7,JPY,133474.56,100.0,200,80,0.0,133474.56
ORDER_CLOSE_OK (注文の決済が完了した後に送られます),Buy_20111211_041655_827,0.01,BUY,92.005,11.5,2010/05/15 00:00:00 000,2010/05/15 01:59:59 999,2010/05/14 23:30:00 000 RSI : 28.369856024454755,false,1.2282996E7,JPY,132030.46,100.0,200,80,6.97,133474.56
ORDER_SUBMIT_OK (注文がサーバ側で受け付けた後に送られます),Buy_20111211_041657_220,0.01,BUY,92.2,0.0,,,2010/05/19 02:30:00 000 RSI : 29.54586801903118,false,1.3453574E7,JPY,134535.74,100.0,200,80,0.0,134535.74
ORDER_FILL_OK (注文が約定した後に送られます),Buy_20111211_041657_220,0.01,BUY,92.2,-2.0,2010/05/19 03:00:00 000,,2010/05/19 02:30:00 000 RSI : 29.54586801903118,false,1.3453574E7,JPY,134535.74,100.0,200,80,0.0,134535.74
ORDER_CLOSE_OK (注文の決済が完了した後に送られます),Buy_20111211_041657_220,0.01,BUY,92.2,9.0,2010/05/19 03:00:00 000,2010/05/19 03:29:59 999,2010/05/19 02:30:00 000 RSI : 29.54586801903118,false,1.2507149E7,JPY,134291.49,100.0,200,80,6.87,134535.74
ORDER_SUBMIT_OK (注文がサーバ側で受け付けた後に送られます),Buy_20111211_041657_285,0.01,BUY,92.0,0.0,,,2010/05/19 06:00:00 000 RSI : 26.634372173139287,false,1.353472E7,JPY,135347.2,100.0,200,80,0.0,135347.2
ORDER_FILL_OK (注文が約定した後に送られます),Buy_20111211_041657_285,0.01,BUY,92.0,-2.0,2010/05/19 06:30:00 000,,2010/05/19 06:00:00 000 RSI : 26.634372173139287,false,1.353472E7,JPY,135347.2,100.0,200,80,0.0,135347.2
ORDER_CLOSE_OK (注文の決済が完了した後に送られます),Buy_20111211_041657_285,0.01,BUY,92.0,5.0,2010/05/19 06:30:00 000,2010/05/19 14:29:59 999,2010/05/19 06:00:00 000 RSI : 26.634372173139287,false,1.2555306E7,JPY,134753.06,100.0,200,80,6.83,135347.2
ORDER_SUBMIT_OK (注文がサーバ側で受け付けた後に送られます),Buy_20111211_041657_458,0.01,BUY,91.415,0.0,,,2010/05/19 17:00:00 000 RSI : 29.499464125642643,false,1.3575896E7,JPY,135758.96,100.0,200,80,0.0,135347.2
ORDER_FILL_OK (注文が約定した後に送られます),Buy_20111211_041657_458,0.01,BUY,91.415,-2.0,2010/05/19 17:30:00 000,,2010/05/19 17:00:00 000 RSI : 29.499464125642643,false,1.3575896E7,JPY,135758.96,100.0,200,80,0.0,135347.2
ORDER_CLOSE_OK (注文の決済が完了した後に送られます),Buy_20111211_041657_458,0.01,BUY,91.415,14.0,2010/05/19 17:30:00 000,2010/05/19 17:59:59 999,2010/05/19 17:00:00 000 RSI : 29.499464125642643,false,1.2637316E7,JPY,135514.66,100.0,200,80,6.75,135347.2
ORDER_SUBMIT_OK (注文がサーバ側で受け付けた後に送られます),Buy_20111211_041657_495,0.01,BUY,91.14,0.0,,,2010/05/19 19:00:00 000 RSI : 28.263375724031054,false,1.3707066E7,JPY,137070.66,100.0,200,80,0.0,135347.2
ORDER_FILL_OK (注文が約定した後に送られます),Buy_20111211_041657_495,0.01,BUY,91.14,-2.0,2010/05/19 19:30:00 000,,2010/05/19 19:00:00 000 RSI : 28.263375724031054,false,1.3707066E7,JPY,137070.66,100.0,200,80,0.0,135347.2
ORDER_CLOSE_OK (注文の決済が完了した後に送られます),Buy_20111211_041657_495,0.01,BUY,91.14,13.0,2010/05/19 19:30:00 000,2010/05/19 20:29:59 999,2010/05/19 19:00:00 000 RSI : 28.263375724031054,false,1.2771358E7,JPY,136827.58,100.0,200,80,6.66,135347.2
ORDER_SUBMIT_OK (注文がサーバ側で受け付けた後に送られます),Buy_20111211_041657_913,0.01,BUY,90.975,0.0,,,2010/05/20 15:00:00 000 RSI : 28.338464912537976,false,1.3828306E7,JPY,138283.06,100.0,200,80,0.0,138283.06
ORDER_FILL_OK (注文が約定した後に送られます),Buy_20111211_041657_913,0.01,BUY,90.975,-2.0,2010/05/20 15:30:00 000,,2010/05/20 15:00:00 000 RSI : 28.338464912537976,false,1.3828306E7,JPY,138283.06,100.0,200,80,0.0,138283.06
ORDER_CLOSE_OK (注文の決済が完了した後に送られます),Buy_20111211_041657_913,0.01,BUY,90.975,31.5,2010/05/20 15:30:00 000,2010/05/20 15:59:59 999,2010/05/20 15:00:00 000 RSI : 28.338464912537976,false,1.289419E7,JPY,138039.4,100.0,200,80,6.59,138283.06
ORDER_SUBMIT_OK (注文がサーバ側で受け付けた後に送られます),Buy_20111211_041658_060,0.01,BUY,90.4,0.0,,,2010/05/20 22:00:00 000 RSI : 26.58579364189982,false,1.4134593E7,JPY,141345.93,100.0,200,80,0.0,138283.06
ORDER_FILL_OK (注文が約定した後に送られます),Buy_20111211_041658_060,0.01,BUY,90.4,-2.0,2010/05/20 22:30:00 000,,2010/05/20 22:00:00 000 RSI : 26.58579364189982,false,1.4134593E7,JPY,141345.93,100.0,200,80,0.0,138283.06
ORDER_CHANGED_OK (注文の変更が完了した後に送られます),Buy_20111211_041658_060,0.01,BUY,90.4006,-72.1,2010/05/20 22:30:00 000,,2010/05/20 22:00:00 000 RSI : 26.58579364189982,false,1.2506211E7,JPY,134102.11,100.0,200,80,6.74,141302.11
ORDER_CHANGED_OK (注文の変更が完了した後に送られます),Buy_20111211_041658_060,0.01,BUY,90.4012,-40.6,2010/05/20 22:30:00 000,,2010/05/20 22:00:00 000 RSI : 26.58579364189982,false,1.2820605E7,JPY,137246.11,100.0,200,80,6.59,141302.11
ORDER_CLOSE_OK (注文の決済が完了した後に送られます),Buy_20111211_041658_060,0.01,BUY,90.4012,8.4,2010/05/20 22:30:00 000,2010/05/24 21:59:59 999,2010/05/20 22:00:00 000 RSI : 26.58579364189982,false,1.3054999E7,JPY,139590.11,100.0,200,80,6.48,141302.11
ORDER_SUBMIT_OK (注文がサーバ側で受け付けた後に送られます),Sell_20111211_041659_953,0.01,SELL,90.43,0.0,,,2010/05/26 08:00:00 000 RSI : 70.42848101843879,false,1.4209677E7,JPY,142096.77,100.0,200,80,0.0,142096.77
ORDER_FILL_REJECTED (注文の約定がサーバ側で拒否された場合に送られます),Sell_20111211_041659_953,0.01,SELL,90.43,0.0,,2010/05/26 08:30:00 000,2010/05/26 08:00:00 000 RSI : 70.42848101843879,false,1.4209677E7,JPY,142096.77,100.0,200,80,0.0,142096.77
ORDER_SUBMIT_OK (注文がサーバ側で受け付けた後に送られます),Sell_20111211_041700_802,0.01,SELL,90.88,0.0,,,2010/05/27 23:00:00 000 RSI : 73.34375712843648,false,1.4209677E7,JPY,142096.77,100.0,200,80,0.0,142096.77
ORDER_FILL_REJECTED (注文の約定がサーバ側で拒否された場合に送られます),Sell_20111211_041700_802,0.01,SELL,90.88,0.0,,2010/05/27 23:30:00 000,2010/05/27 23:00:00 000 RSI : 73.34375712843648,false,1.4209677E7,JPY,142096.77,100.0,200,80,0.0,142096.77
ORDER_SUBMIT_OK (注文がサーバ側で受け付けた後に送られます),Sell_20111211_041700_900,0.01,SELL,91.045,0.0,,,2010/05/28 05:00:00 000 RSI : 71.18288003386107,false,1.4209677E7,JPY,142096.77,100.0,200,80,0.0,142096.77
ORDER_FILL_REJECTED (注文の約定がサーバ側で拒否された場合に送られます),Sell_20111211_041700_900,0.01,SELL,91.045,0.0,,2010/05/28 05:30:00 000,2010/05/28 05:00:00 000 RSI : 71.18288003386107,false,1.4209677E7,JPY,142096.77,100.0,200,80,0.0,142096.77
ORDER_SUBMIT_OK (注文がサーバ側で受け付けた後に送られます),Sell_20111211_041701_034,0.01,SELL,91.245,0.0,,,2010/05/28 10:00:00 000 RSI : 71.72089668701604,false,1.4209677E7,JPY,142096.77,100.0,200,80,0.0,142096.77
ORDER_FILL_REJECTED (注文の約定がサーバ側で拒否された場合に送られます),Sell_20111211_041701_034,0.01,SELL,91.245,0.0,,2010/05/28 10:30:00 000,2010/05/28 10:00:00 000 RSI : 71.72089668701604,false,1.4209677E7,JPY,142096.77,100.0,200,80,0.0,142096.77
ORDER_SUBMIT_OK (注文がサーバ側で受け付けた後に送られます),Sell_20111211_041703_107,0.01,SELL,91.655,0.0,,,2010/06/02 10:30:00 000 RSI : 70.54111143804313,false,1.4209677E7,JPY,142096.77,100.0,200,80,0.0,142096.77
ORDER_FILL_REJECTED (注文の約定がサーバ側で拒否された場合に送られます),Sell_20111211_041703_107,0.01,SELL,91.655,0.0,,2010/06/02 11:00:00 000,2010/06/02 10:30:00 000 RSI : 70.54111143804313,false,1.4209677E7,JPY,142096.77,100.0,200,80,0.0,142096.77
ORDER_SUBMIT_OK (注文がサーバ側で受け付けた後に送られます),Sell_20111211_041703_304,0.01,SELL,92.02,0.0,,,2010/06/02 19:30:00 000 RSI : 72.32177318495296,false,1.4209677E7,JPY,142096.77,100.0,200,80,0.0,142096.77
ORDER_FILL_REJECTED (注文の約定がサーバ側で拒否された場合に送られます),Sell_20111211_041703_304,0.01,SELL,92.02,0.0,,2010/06/02 20:00:00 000,2010/06/02 19:30:00 000 RSI : 72.32177318495296,false,1.4209677E7,JPY,142096.77,100.0,200,80,0.0,142096.77
ORDER_SUBMIT_OK (注文がサーバ側で受け付けた後に送られます),Sell_20111211_041703_394,0.01,SELL,92.21,0.0,,,2010/06/02 23:00:00 000 RSI : 70.75901624236874,false,1.4209677E7,JPY,142096.77,100.0,200,80,0.0,142096.77
ORDER_FILL_REJECTED (注文の約定がサーバ側で拒否された場合に送られます),Sell_20111211_041703_394,0.01,SELL,92.21,0.0,,2010/06/02 23:30:00 000,2010/06/02 23:00:00 000 RSI : 70.75901624236874,false,1.4209677E7,JPY,142096.77,100.0,200,80,0.0,142096.77
ORDER_SUBMIT_OK (注文がサーバ側で受け付けた後に送られます),Sell_20111211_041703_791,0.01,SELL,92.44,0.0,,,2010/06/03 16:00:00 000 RSI : 70.6411718438903,false,1.4209677E7,JPY,142096.77,100.0,200,80,0.0,142096.77
ORDER_FILL_REJECTED (注文の約定がサーバ側で拒否された場合に送られます),Sell_20111211_041703_791,0.01,SELL,92.44,0.0,,2010/06/03 16:30:00 000,2010/06/03 16:00:00 000 RSI : 70.6411718438903,false,1.4209677E7,JPY,142096.77,100.0,200,80,0.0,142096.77
ORDER_SUBMIT_OK (注文がサーバ側で受け付けた後に送られます),Buy_20111211_041704_639,0.01,BUY,92.085,0.0,,,2010/06/04 21:30:00 000 RSI : 28.544252002430877,false,1.4209677E7,JPY,142096.77,100.0,200,80,0.0,142096.77
ORDER_FILL_OK (注文が約定した後に送られます),Buy_20111211_041704_639,0.01,BUY,92.085,-2.0,2010/06/04 22:00:00 000,,2010/06/04 21:30:00 000 RSI : 28.544252002430877,false,1.4209677E7,JPY,142096.77,100.0,200,80,0.0,142096.77
ORDER_CHANGED_OK (注文の変更が完了した後に送られます),Buy_20111211_041704_639,0.01,BUY,92.0856,-17.6,2010/06/04 22:00:00 000,,2010/06/04 21:30:00 000 RSI : 28.544252002430877,false,1.3109415E7,JPY,140302.65,100.0,200,80,6.56,142052.65
ORDER_CHANGED_OK (注文の変更が完了した後に送られます),Buy_20111211_041704_639,0.01,BUY,92.0862,-72.6,2010/06/04 22:00:00 000,,2010/06/04 21:30:00 000 RSI : 28.544252002430877,false,1.2558809E7,JPY,134796.65,100.0,200,80,6.83,142052.65
ORDER_CHANGED_OK (注文の変更が完了した後に送られます),Buy_20111211_041704_639,0.01,BUY,92.0868,-64.2,2010/06/04 22:00:00 000,,2010/06/04 21:30:00 000 RSI : 28.544252002430877,false,1.2643203E7,JPY,135640.65,100.0,200,80,6.79,142052.65
ORDER_CHANGED_OK (注文の変更が完了した後に送られます),Buy_20111211_041704_639,0.01,BUY,92.0886,-80.4,2010/06/04 22:00:00 000,,2010/06/04 21:30:00 000 RSI : 28.544252002430877,false,1.2482597E7,JPY,134034.65,100.0,200,80,6.87,142052.65
ORDER_CHANGED_OK (注文の変更が完了した後に送られます),Buy_20111211_041704_639,0.01,BUY,92.0892,-76.9,2010/06/04 22:00:00 000,,2010/06/04 21:30:00 000 RSI : 28.544252002430877,false,1.2515779E7,JPY,134366.65,100.0,200,80,6.85,142052.65
ORDER_CHANGED_OK (注文の変更が完了した後に送られます),Buy_20111211_041704_639,0.01,BUY,92.0898,-44.5,2010/06/04 22:00:00 000,,2010/06/04 21:30:00 000 RSI : 28.544252002430877,false,1.2840173E7,JPY,137610.65,100.0,200,80,6.69,142052.65
ORDER_CHANGED_OK (注文の変更が完了した後に送られます),Buy_20111211_041704_639,0.01,BUY,92.0904,-52.0,2010/06/04 22:00:00 000,,2010/06/04 21:30:00 000 RSI : 28.544252002430877,false,1.2764567E7,JPY,136854.65,100.0,200,80,6.73,142052.65
ORDER_CHANGED_OK (注文の変更が完了した後に送られます),Buy_20111211_041704_639,0.01,BUY,92.091,-64.6,2010/06/04 22:00:00 000,,2010/06/04 21:30:00 000 RSI : 28.544252002430877,false,1.2638961E7,JPY,135598.65,100.0,200,80,6.79,142052.65
ORDER_CHANGED_OK (注文の変更が完了した後に送られます),Buy_20111211_041704_639,0.01,BUY,92.0928,-66.3,2010/06/04 22:00:00 000,,2010/06/04 21:30:00 000 RSI : 28.544252002430877,false,1.2623355E7,JPY,135442.65,100.0,200,80,6.8,142052.65
ORDER_CHANGED_OK (注文の変更が完了した後に送られます),Buy_20111211_041704_639,0.01,BUY,92.0934,-109.8,2010/06/04 22:00:00 000,,2010/06/04 21:30:00 000 RSI : 28.544252002430877,false,1.2186537E7,JPY,131074.65,100.0,200,80,7.03,142052.65
ORDER_CHANGED_OK (注文の変更が完了した後に送られます),Buy_20111211_041704_639,0.01,BUY,92.094,-138.9,2010/06/04 22:00:00 000,,2010/06/04 21:30:00 000 RSI : 28.544252002430877,false,1.1895931E7,JPY,128168.65,100.0,200,80,7.19,142052.65
ORDER_CHANGED_OK (注文の変更が完了した後に送られます),Buy_20111211_041704_639,0.01,BUY,92.0946,-100.5,2010/06/04 22:00:00 000,,2010/06/04 21:30:00 000 RSI : 28.544252002430877,false,1.2280325E7,JPY,132012.65,100.0,200,80,6.98,142052.65
ORDER_CHANGED_OK (注文の変更が完了した後に送られます),Buy_20111211_041704_639,0.01,BUY,92.0952,-153.5,2010/06/04 22:00:00 000,,2010/06/04 21:30:00 000 RSI : 28.544252002430877,false,1.1749719E7,JPY,126706.65,100.0,200,80,7.27,142052.65
ORDER_CHANGED_OK (注文の変更が完了した後に送られます),Buy_20111211_041704_639,0.01,BUY,92.097,-228.7,2010/06/04 22:00:00 000,,2010/06/04 21:30:00 000 RSI : 28.544252002430877,false,1.0999113E7,JPY,119200.65,100.0,200,80,7.73,142052.65
ORDER_CHANGED_OK (注文の変更が完了した後に送られます),Buy_20111211_041704_639,0.01,BUY,92.0976,-249.8,2010/06/04 22:00:00 000,,2010/06/04 21:30:00 000 RSI : 28.544252002430877,false,1.0787295E7,JPY,117082.65,100.0,200,80,7.87,142052.65
ORDER_CHANGED_OK (注文の変更が完了した後に送られます),Buy_20111211_041704_639,0.01,BUY,92.0982,-286.8,2010/06/04 22:00:00 000,,2010/06/04 21:30:00 000 RSI : 28.544252002430877,false,1.0416689E7,JPY,113376.65,100.0,200,80,8.12,142052.65
ORDER_CHANGED_OK (注文の変更が完了した後に送られます),Buy_20111211_041704_639,0.01,BUY,92.0988,-273.4,2010/06/04 22:00:00 000,,2010/06/04 21:30:00 000 RSI : 28.544252002430877,false,1.0551083E7,JPY,114720.65,100.0,200,80,8.03,142052.65
ORDER_CHANGED_OK (注文の変更が完了した後に送られます),Buy_20111211_041704_639,0.01,BUY,92.0994,-350.9,2010/06/04 22:00:00 000,,2010/06/04 21:30:00 000 RSI : 28.544252002430877,false,9775477.0,JPY,106964.65,100.0,200,80,8.61,142052.65
ORDER_CHANGED_OK (注文の変更が完了した後に送られます),Buy_20111211_041704_639,0.01,BUY,92.1012,-368.1,2010/06/04 22:00:00 000,,2010/06/04 21:30:00 000 RSI : 28.544252002430877,false,9604871.0,JPY,105258.65,100.0,200,80,8.75,142052.65
ORDER_CHANGED_OK (注文の変更が完了した後に送られます),Buy_20111211_041704_639,0.01,BUY,92.1018,-453.2,2010/06/04 22:00:00 000,,2010/06/04 21:30:00 000 RSI : 28.544252002430877,false,8753053.0,JPY,96740.65,100.0,200,80,9.52,142052.65
ORDER_CHANGED_OK (注文の変更が完了した後に送られます),Buy_20111211_041704_639,0.01,BUY,92.1024,-435.7,2010/06/04 22:00:00 000,,2010/06/04 21:30:00 000 RSI : 28.544252002430877,false,8927447.0,JPY,98484.65,100.0,200,80,9.35,142052.65
ORDER_CHANGED_OK (注文の変更が完了した後に送られます),Buy_20111211_041704_639,0.01,BUY,92.103,-434.3,2010/06/04 22:00:00 000,,2010/06/04 21:30:00 000 RSI : 28.544252002430877,false,8941841.0,JPY,98628.65,100.0,200,80,9.34,142052.65
ORDER_CHANGED_OK (注文の変更が完了した後に送られます),Buy_20111211_041704_639,0.01,BUY,92.1036,-459.4,2010/06/04 22:00:00 000,,2010/06/04 21:30:00 000 RSI : 28.544252002430877,false,8691235.0,JPY,96122.65,100.0,200,80,9.58,142052.65
ORDER_CHANGED_OK (注文の変更が完了した後に送られます),Buy_20111211_041704_639,0.01,BUY,92.1054,-440.5,2010/06/04 22:00:00 000,,2010/06/04 21:30:00 000 RSI : 28.544252002430877,false,8880629.0,JPY,98016.65,100.0,200,80,9.4,142052.65
ORDER_CHANGED_OK (注文の変更が完了した後に送られます),Buy_20111211_041704_639,0.01,BUY,92.106,-375.6,2010/06/04 22:00:00 000,,2010/06/04 21:30:00 000 RSI : 28.544252002430877,false,9528811.0,JPY,104498.65,100.0,200,80,8.81,142052.65
ORDER_CHANGED_OK (注文の変更が完了した後に送られます),Buy_20111211_041704_639,0.01,BUY,92.1066,-348.2,2010/06/04 22:00:00 000,,2010/06/04 21:30:00 000 RSI : 28.544252002430877,false,9803205.0,JPY,107242.65,100.0,200,80,8.59,142052.65
ORDER_CHANGED_OK (注文の変更が完了した後に送られます),Buy_20111211_041704_639,0.01,BUY,92.1072,-349.7,2010/06/04 22:00:00 000,,2010/06/04 21:30:00 000 RSI : 28.544252002430877,false,9787599.0,JPY,107086.65,100.0,200,80,8.6,142052.65
ORDER_CHANGED_OK (注文の変更が完了した後に送られます),Buy_20111211_041704_639,0.01,BUY,92.1078,-338.8,2010/06/04 22:00:00 000,,2010/06/04 21:30:00 000 RSI : 28.544252002430877,false,9896993.0,JPY,108180.65,100.0,200,80,8.51,142052.65
ORDER_CHANGED_OK (注文の変更が完了した後に送られます),Buy_20111211_041704_639,0.01,BUY,92.1096,-372.0,2010/06/04 22:00:00 000,,2010/06/04 21:30:00 000 RSI : 28.544252002430877,false,9566387.0,JPY,104874.65,100.0,200,80,8.78,142052.65
ORDER_CHANGED_OK (注文の変更が完了した後に送られます),Buy_20111211_041704_639,0.01,BUY,92.1102,-472.5,2010/06/04 22:00:00 000,,2010/06/04 21:30:00 000 RSI : 28.544252002430877,false,8559569.0,JPY,94806.65,100.0,200,80,9.72,142052.65
ORDER_CHANGED_OK (注文の変更が完了した後に送られます),Buy_20111211_041704_639,0.01,BUY,92.1108,-552.1,2010/06/04 22:00:00 000,,2010/06/04 21:30:00 000 RSI : 28.544252002430877,false,7763963.0,JPY,86850.65,100.0,200,80,10.61,142052.65
ORDER_CHANGED_OK (注文の変更が完了した後に送られます),Buy_20111211_041704_639,0.01,BUY,92.1114,-542.6,2010/06/04 22:00:00 000,,2010/06/04 21:30:00 000 RSI : 28.544252002430877,false,7858357.0,JPY,87794.65,100.0,200,80,10.49,142052.65
ORDER_CHANGED_OK (注文の変更が完了した後に送られます),Buy_20111211_041704_639,0.01,BUY,92.112,-461.7,2010/06/04 22:00:00 000,,2010/06/04 21:30:00 000 RSI : 28.544252002430877,false,8667751.0,JPY,95888.65,100.0,200,80,9.61,142052.65
ORDER_CHANGED_OK (注文の変更が完了した後に送られます),Buy_20111211_041704_639,0.01,BUY,92.1138,-508.4,2010/06/04 22:00:00 000,,2010/06/04 21:30:00 000 RSI : 28.544252002430877,false,8202145.0,JPY,91232.65,100.0,200,80,10.1,142052.65
ORDER_CHANGED_OK (注文の変更が完了した後に送られます),Buy_20111211_041704_639,0.01,BUY,92.1144,-518.4,2010/06/04 22:00:00 000,,2010/06/04 21:30:00 000 RSI : 28.544252002430877,false,8100327.0,JPY,90214.65,100.0,200,80,10.21,142052.65
ORDER_CHANGED_OK (注文の変更が完了した後に送られます),Buy_20111211_041704_639,0.01,BUY,92.115,-465.5,2010/06/04 22:00:00 000,,2010/06/04 21:30:00 000 RSI : 28.544252002430877,false,8629721.0,JPY,95508.65,100.0,200,80,9.64,142052.65
ORDER_CHANGED_OK (注文の変更が完了した後に送られます),Buy_20111211_041704_639,0.01,BUY,92.1156,-524.1,2010/06/04 22:00:00 000,,2010/06/04 21:30:00 000 RSI : 28.544252002430877,false,8044115.0,JPY,89652.65,100.0,200,80,10.27,142052.65
ORDER_CHANGED_OK (注文の変更が完了した後に送られます),Buy_20111211_041704_639,0.01,BUY,92.1162,-422.6,2010/06/04 22:00:00 000,,2010/06/04 21:30:00 000 RSI : 28.544252002430877,false,9058509.0,JPY,99796.65,100.0,200,80,9.23,142052.65
ORDER_CHANGED_OK (注文の変更が完了した後に送られます),Buy_20111211_041704_639,0.01,BUY,92.118,-466.3,2010/06/04 22:00:00 000,,2010/06/04 21:30:00 000 RSI : 28.544252002430877,false,8622903.0,JPY,95440.65,100.0,200,80,9.65,142052.65
ORDER_CHANGED_OK (注文の変更が完了した後に送られます),Buy_20111211_041704_639,0.01,BUY,92.1186,-534.9,2010/06/04 22:00:00 000,,2010/06/04 21:30:00 000 RSI : 28.544252002430877,false,7936085.0,JPY,88572.65,100.0,200,80,10.4,142052.65
ORDER_CHANGED_OK (注文の変更が完了した後に送られます),Buy_20111211_041704_639,0.01,BUY,92.1192,-565.4,2010/06/04 22:00:00 000,,2010/06/04 21:30:00 000 RSI : 28.544252002430877,false,7630479.0,JPY,85516.65,100.0,200,80,10.77,142052.65
ORDER_CHANGED_OK (注文の変更が完了した後に送られます),Buy_20111211_041704_639,0.01,BUY,92.1198,-563.5,2010/06/04 22:00:00 000,,2010/06/04 21:30:00 000 RSI : 28.544252002430877,false,7649873.0,JPY,85710.65,100.0,200,80,10.75,142052.65
ORDER_CHANGED_OK (注文の変更が完了した後に送られます),Buy_20111211_041704_639,0.01,BUY,92.1204,-634.5,2010/06/04 22:00:00 000,,2010/06/04 21:30:00 000 RSI : 28.544252002430877,false,6939267.0,JPY,78604.65,100.0,200,80,11.72,142052.65
ORDER_CHANGED_OK (注文の変更が完了した後に送られます),Buy_20111211_041704_639,0.01,BUY,92.1222,-586.2,2010/06/04 22:00:00 000,,2010/06/04 21:30:00 000 RSI : 28.544252002430877,false,7423661.0,JPY,83448.65,100.0,200,80,11.04,142052.65
ORDER_CHANGED_OK (注文の変更が完了した後に送られます),Buy_20111211_041704_639,0.01,BUY,92.1228,-631.3,2010/06/04 22:00:00 000,,2010/06/04 21:30:00 000 RSI : 28.544252002430877,false,6971843.0,JPY,78930.65,100.0,200,80,11.67,142052.65
ORDER_CHANGED_OK (注文の変更が完了した後に送られます),Buy_20111211_041704_639,0.01,BUY,92.1234,-661.3,2010/06/04 22:00:00 000,,2010/06/04 21:30:00 000 RSI : 28.544252002430877,false,6671237.0,JPY,75924.65,100.0,200,80,12.13,142052.65
ORDER_CHANGED_OK (注文の変更が完了した後に送られます),Buy_20111211_041704_639,0.01,BUY,92.124,-620.4,2010/06/04 22:00:00 000,,2010/06/04 21:30:00 000 RSI : 28.544252002430877,false,7080631.0,JPY,80018.65,100.0,200,80,11.51,142052.65
ORDER_CHANGED_OK (注文の変更が完了した後に送られます),Buy_20111211_041704_639,0.01,BUY,92.1246,-669.5,2010/06/04 22:00:00 000,,2010/06/04 21:30:00 000 RSI : 28.544252002430877,false,6590025.0,JPY,75112.65,100.0,200,80,12.26,142052.65
ORDER_CHANGED_OK (注文の変更が完了した後に送られます),Buy_20111211_041704_639,0.01,BUY,92.1264,-681.6,2010/06/04 22:00:00 000,,2010/06/04 21:30:00 000 RSI : 28.544252002430877,false,6469419.0,JPY,73906.65,100.0,200,80,12.46,142052.65
ORDER_CHANGED_OK (注文の変更が完了した後に送られます),Buy_20111211_041704_639,0.01,BUY,92.127,-623.7,2010/06/04 22:00:00 000,,2010/06/04 21:30:00 000 RSI : 28.544252002430877,false,7047601.0,JPY,79688.65,100.0,200,80,11.56,142052.65
ORDER_CHANGED_OK (注文の変更が完了した後に送られます),Buy_20111211_041704_639,0.01,BUY,92.1276,-593.8,2010/06/04 22:00:00 000,,2010/06/04 21:30:00 000 RSI : 28.544252002430877,false,7346995.0,JPY,82682.65,100.0,200,80,11.14,142052.65
ORDER_CHANGED_OK (注文の変更が完了した後に送られます),Buy_20111211_041704_639,0.01,BUY,92.1282,-680.8,2010/06/04 22:00:00 000,,2010/06/04 21:30:00 000 RSI : 28.544252002430877,false,6476389.0,JPY,73976.65,100.0,200,80,12.45,142052.65
ORDER_CHANGED_OK (注文の変更が完了した後に送られます),Buy_20111211_041704_639,0.01,BUY,92.1288,-661.4,2010/06/04 22:00:00 000,,2010/06/04 21:30:00 000 RSI : 28.544252002430877,false,6670783.0,JPY,75920.65,100.0,200,80,12.13,142052.65
ORDER_CHANGED_OK (注文の変更が完了した後に送られます),Buy_20111211_041704_639,0.01,BUY,92.1306,-668.6,2010/06/04 22:00:00 000,,2010/06/04 21:30:00 000 RSI : 28.544252002430877,false,6600177.0,JPY,75214.65,100.0,200,80,12.25,142052.65
ORDER_CHANGED_OK (注文の変更が完了した後に送られます),Buy_20111211_041704_639,0.01,BUY,92.1312,-675.1,2010/06/04 22:00:00 000,,2010/06/04 21:30:00 000 RSI : 28.544252002430877,false,6533359.0,JPY,74546.65,100.0,200,80,12.36,142052.65
ORDER_CHANGED_OK (注文の変更が完了した後に送られます),Buy_20111211_041704_639,0.01,BUY,92.1318,-652.7,2010/06/04 22:00:00 000,,2010/06/04 21:30:00 000 RSI : 28.544252002430877,false,6757753.0,JPY,76790.65,100.0,200,80,12.0,142052.65
ORDER_CHANGED_OK (注文の変更が完了した後に送られます),Buy_20111211_041704_639,0.01,BUY,92.1324,-698.7,2010/06/04 22:00:00 000,,2010/06/04 21:30:00 000 RSI : 28.544252002430877,false,6297147.0,JPY,72184.65,100.0,200,80,12.76,142052.65
ORDER_CHANGED_OK (注文の変更が完了した後に送られます),Buy_20111211_041704_639,0.01,BUY,92.133,-824.8,2010/06/04 22:00:00 000,,2010/06/04 21:30:00 000 RSI : 28.544252002430877,false,5036541.0,JPY,59578.65,100.0,200,80,15.46,142052.65
ORDER_CHANGED_OK (注文の変更が完了した後に送られます),Buy_20111211_041704_639,0.01,BUY,92.1348,-757.5,2010/06/04 22:00:00 000,,2010/06/04 21:30:00 000 RSI : 28.544252002430877,false,5710935.0,JPY,66322.65,100.0,200,80,13.89,142052.65
ORDER_CHANGED_OK (注文の変更が完了した後に送られます),Buy_20111211_041704_639,0.01,BUY,92.1354,-769.5,2010/06/04 22:00:00 000,,2010/06/04 21:30:00 000 RSI : 28.544252002430877,false,5589117.0,JPY,65104.65,100.0,200,80,14.15,142052.65
ORDER_CHANGED_OK (注文の変更が完了した後に送られます),Buy_20111211_041704_639,0.01,BUY,92.136,-692.1,2010/06/04 22:00:00 000,,2010/06/04 21:30:00 000 RSI : 28.544252002430877,false,6363511.0,JPY,72848.65,100.0,200,80,12.65,142052.65
ORDER_CHANGED_OK (注文の変更が完了した後に送られます),Buy_20111211_041704_639,0.01,BUY,92.1366,-753.2,2010/06/04 22:00:00 000,,2010/06/04 21:30:00 000 RSI : 28.544252002430877,false,5752905.0,JPY,66742.65,100.0,200,80,13.8,142052.65
ORDER_CHANGED_OK (注文の変更が完了した後に送られます),Buy_20111211_041704_639,0.01,BUY,92.1372,-795.7,2010/06/04 22:00:00 000,,2010/06/04 21:30:00 000 RSI : 28.544252002430877,false,5327299.0,JPY,62486.65,100.0,200,80,14.75,142052.65
ORDER_CHANGED_OK (注文の変更が完了した後に送られます),Buy_20111211_041704_639,0.01,BUY,92.139,-770.9,2010/06/04 22:00:00 000,,2010/06/04 21:30:00 000 RSI : 28.544252002430877,false,5576693.0,JPY,64980.65,100.0,200,80,14.18,142052.65
ORDER_CHANGED_OK (注文の変更が完了した後に送られます),Buy_20111211_041704_639,0.01,BUY,92.1396,-787.5,2010/06/04 22:00:00 000,,2010/06/04 21:30:00 000 RSI : 28.544252002430877,false,5409875.0,JPY,63312.65,100.0,200,80,14.55,142052.65
ORDER_CHANGED_OK (注文の変更が完了した後に送られます),Buy_20111211_041704_639,0.01,BUY,92.1402,-779.0,2010/06/04 22:00:00 000,,2010/06/04 21:30:00 000 RSI : 28.544252002430877,false,5494269.0,JPY,64156.65,100.0,200,80,14.36,142052.65
ORDER_CHANGED_OK (注文の変更が完了した後に送られます),Buy_20111211_041704_639,0.01,BUY,92.1408,-794.1,2010/06/04 22:00:00 000,,2010/06/04 21:30:00 000 RSI : 28.544252002430877,false,5343663.0,JPY,62650.65,100.0,200,80,14.71,142052.65
ORDER_CHANGED_OK (注文の変更が完了した後に送られます),Buy_20111211_041704_639,0.01,BUY,92.1414,-831.6,2010/06/04 22:00:00 000,,2010/06/04 21:30:00 000 RSI : 28.544252002430877,false,4968057.0,JPY,58894.65,100.0,200,80,15.65,142052.65
ORDER_CHANGED_OK (注文の変更が完了した後に送られます),Buy_20111211_041704_639,0.01,BUY,92.1432,-827.8,2010/06/04 22:00:00 000,,2010/06/04 21:30:00 000 RSI : 28.544252002430877,false,5007451.0,JPY,59288.65,100.0,200,80,15.54,142052.65
ORDER_CHANGED_OK (注文の変更が完了した後に送られます),Buy_20111211_041704_639,0.01,BUY,92.1438,-837.9,2010/06/04 22:00:00 000,,2010/06/04 21:30:00 000 RSI : 28.544252002430877,false,4905633.0,JPY,58270.65,100.0,200,80,15.81,142052.65
ORDER_CHANGED_OK (注文の変更が完了した後に送られます),Buy_20111211_041704_639,0.01,BUY,92.1444,-800.4,2010/06/04 22:00:00 000,,2010/06/04 21:30:00 000 RSI : 28.544252002430877,false,5280027.0,JPY,62014.65,100.0,200,80,14.86,142052.65
ORDER_CHANGED_OK (注文の変更が完了した後に送られます),Buy_20111211_041704_639,0.01,BUY,92.145,-845.5,2010/06/04 22:00:00 000,,2010/06/04 21:30:00 000 RSI : 28.544252002430877,false,4829421.0,JPY,57508.65,100.0,200,80,16.02,142052.65
ORDER_CHANGED_OK (注文の変更が完了した後に送られます),Buy_20111211_041704_639,0.01,BUY,92.1456,-912.1,2010/06/04 22:00:00 000,,2010/06/04 21:30:00 000 RSI : 28.544252002430877,false,4163815.0,JPY,50852.65,100.0,200,80,18.12,142052.65
ORDER_CHANGED_OK (注文の変更が完了した後に送られます),Buy_20111211_041704_639,0.01,BUY,92.1474,-641.7,2010/06/04 22:00:00 000,,2010/06/04 21:30:00 000 RSI : 28.544252002430877,false,6868209.0,JPY,77896.65,100.0,200,80,11.83,142052.65
ORDER_CHANGED_OK (注文の変更が完了した後に送られます),Buy_20111211_041704_639,0.01,BUY,92.148,-638.3,2010/06/04 22:00:00 000,,2010/06/04 21:30:00 000 RSI : 28.544252002430877,false,6901391.0,JPY,78228.65,100.0,200,80,11.78,142052.65
ORDER_CHANGED_OK (注文の変更が完了した後に送られます),Buy_20111211_041704_639,0.01,BUY,92.1486,-629.9,2010/06/04 22:00:00 000,,2010/06/04 21:30:00 000 RSI : 28.544252002430877,false,6985785.0,JPY,79072.65,100.0,200,80,11.65,142052.65
ORDER_CHANGED_OK (注文の変更が完了した後に送られます),Buy_20111211_041704_639,0.01,BUY,92.1492,-646.9,2010/06/04 22:00:00 000,,2010/06/04 21:30:00 000 RSI : 28.544252002430877,false,6815179.0,JPY,77366.65,100.0,200,80,11.91,142052.65
ORDER_CHANGED_OK (注文の変更が完了した後に送られます),Buy_20111211_041704_639,0.01,BUY,92.1498,-707.5,2010/06/04 22:00:00 000,,2010/06/04 21:30:00 000 RSI : 28.544252002430877,false,6209573.0,JPY,71310.65,100.0,200,80,12.92,142052.65
ORDER_CHANGED_OK (注文の変更が完了した後に送られます),Buy_20111211_041704_639,0.01,BUY,92.1516,-767.2,2010/06/04 22:00:00 000,,2010/06/04 21:30:00 000 RSI : 28.544252002430877,false,5613967.0,JPY,65354.65,100.0,200,80,14.1,142052.65
ORDER_CHANGED_OK (注文の変更が完了した後に送られます),Buy_20111211_041704_639,0.01,BUY,92.1522,-778.7,2010/06/04 22:00:00 000,,2010/06/04 21:30:00 000 RSI : 28.544252002430877,false,5497149.0,JPY,64186.65,100.0,200,80,14.36,142052.65
ORDER_CHANGED_OK (注文の変更が完了した後に送られます),Buy_20111211_041704_639,0.01,BUY,92.1528,-794.8,2010/06/04 22:00:00 000,,2010/06/04 21:30:00 000 RSI : 28.544252002430877,false,5336543.0,JPY,62580.65,100.0,200,80,14.73,142052.65
ORDER_CHANGED_OK (注文の変更が完了した後に送られます),Buy_20111211_041704_639,0.01,BUY,92.1534,-787.3,2010/06/04 22:00:00 000,,2010/06/04 21:30:00 000 RSI : 28.544252002430877,false,5410937.0,JPY,63324.65,100.0,200,80,14.55,142052.65
ORDER_CHANGED_OK (注文の変更が完了した後に送られます),Buy_20111211_041704_639,0.01,BUY,92.154,-829.4,2010/06/04 22:00:00 000,,2010/06/04 21:30:00 000 RSI : 28.544252002430877,false,4990331.0,JPY,59118.65,100.0,200,80,15.59,142052.65
ORDER_CHANGED_OK (注文の変更が完了した後に送られます),Buy_20111211_041704_639,0.01,BUY,92.1558,-846.6,2010/06/04 22:00:00 000,,2010/06/04 21:30:00 000 RSI : 28.544252002430877,false,4819725.0,JPY,57412.65,100.0,200,80,16.05,142052.65
ORDER_CHANGED_OK (注文の変更が完了した後に送られます),Buy_20111211_041704_639,0.01,BUY,92.1564,-865.6,2010/06/04 22:00:00 000,,2010/06/04 21:30:00 000 RSI : 28.544252002430877,false,4627907.0,JPY,55494.65,100.0,200,80,16.61,142052.65
ORDER_CHANGED_OK (注文の変更が完了した後に送られます),Buy_20111211_041704_639,0.01,BUY,92.157,-894.7,2010/06/04 22:00:00 000,,2010/06/04 21:30:00 000 RSI : 28.544252002430877,false,4337301.0,JPY,52588.65,100.0,200,80,17.52,142052.65
ORDER_CHANGED_OK (注文の変更が完了した後に送られます),Buy_20111211_041704_639,0.01,BUY,92.1576,-881.3,2010/06/04 22:00:00 000,,2010/06/04 21:30:00 000 RSI : 28.544252002430877,false,4471695.0,JPY,53932.65,100.0,200,80,17.09,142052.65
ORDER_CHANGED_OK (注文の変更が完了した後に送られます),Buy_20111211_041704_639,0.01,BUY,92.1582,-893.3,2010/06/04 22:00:00 000,,2010/06/04 21:30:00 000 RSI : 28.544252002430877,false,4351089.0,JPY,52726.65,100.0,200,80,17.48,142052.65
ORDER_CHANGED_OK (注文の変更が完了した後に送られます),Buy_20111211_041704_639,0.01,BUY,92.16,-925.5,2010/06/04 22:00:00 000,,2010/06/04 21:30:00 000 RSI : 28.544252002430877,false,4030483.0,JPY,49520.65,100.0,200,80,18.61,142052.65
ORDER_CHANGED_OK (注文の変更が完了した後に送られます),Buy_20111211_041704_639,0.01,BUY,92.1606,-976.1,2010/06/04 22:00:00 000,,2010/06/04 21:30:00 000 RSI : 28.544252002430877,false,3523665.0,JPY,44452.65,100.0,200,80,20.73,142052.65
ORDER_CHANGED_OK (注文の変更が完了した後に送られます),Buy_20111211_041704_639,0.01,BUY,92.1612,-1023.6,2010/06/04 22:00:00 000,,2010/06/04 21:30:00 000 RSI : 28.544252002430877,false,3048059.0,JPY,39696.65,100.0,200,80,23.22,142052.65
ORDER_CHANGED_OK (注文の変更が完了した後に送られます),Buy_20111211_041704_639,0.01,BUY,92.1618,-1010.7,2010/06/04 22:00:00 000,,2010/06/04 21:30:00 000 RSI : 28.544252002430877,false,3177453.0,JPY,40990.65,100.0,200,80,22.48,142052.65
ORDER_CHANGED_OK (注文の変更が完了した後に送られます),Buy_20111211_041704_639,0.01,BUY,92.1624,-1046.2,2010/06/04 22:00:00 000,,2010/06/04 21:30:00 000 RSI : 28.544252002430877,false,2821847.0,JPY,37434.65,100.0,200,80,24.62,142052.65
ORDER_CHANGED_OK (注文の変更が完了した後に送られます),Buy_20111211_041704_639,0.01,BUY,92.1642,-1036.9,2010/06/04 22:00:00 000,,2010/06/04 21:30:00 000 RSI : 28.544252002430877,false,2916241.0,JPY,38378.65,100.0,200,80,24.01,142052.65
ORDER_CHANGED_OK (注文の変更が完了した後に送られます),Buy_20111211_041704_639,0.01,BUY,92.1648,-1069.5,2010/06/04 22:00:00 000,,2010/06/04 21:30:00 000 RSI : 28.544252002430877,false,2589423.0,JPY,35110.65,100.0,200,80,26.25,142052.65
ORDER_CHANGED_OK (注文の変更が完了した後に送られます),Buy_20111211_041704_639,0.01,BUY,92.1654,-1069.0,2010/06/04 22:00:00 000,,2010/06/04 21:30:00 000 RSI : 28.544252002430877,false,2593817.0,JPY,35154.65,100.0,200,80,26.22,142052.65
ORDER_CHANGED_OK (注文の変更が完了した後に送られます),Buy_20111211_041704_639,0.01,BUY,92.166,-1092.1,2010/06/04 22:00:00 000,,2010/06/04 21:30:00 000 RSI : 28.544252002430877,false,2363211.0,JPY,32848.65,100.0,200,80,28.06,142052.65
ORDER_CHANGED_OK (注文の変更が完了した後に送られます),Buy_20111211_041704_639,0.01,BUY,92.1666,-1059.2,2010/06/04 22:00:00 000,,2010/06/04 21:30:00 000 RSI : 28.544252002430877,false,2692605.0,JPY,36142.65,100.0,200,80,25.5,142052.65
ORDER_CHANGED_OK (注文の変更が完了した後に送られます),Buy_20111211_041704_639,0.01,BUY,92.1684,-1108.8,2010/06/04 22:00:00 000,,2010/06/04 21:30:00 000 RSI : 28.544252002430877,false,2196999.0,JPY,31186.65,100.0,200,80,29.55,142052.65
ORDER_CHANGED_OK (注文の変更が完了した後に送られます),Buy_20111211_041704_639,0.01,BUY,92.169,-1084.9,2010/06/04 22:00:00 000,,2010/06/04 21:30:00 000 RSI : 28.544252002430877,false,2435181.0,JPY,33568.65,100.0,200,80,27.46,142052.65
ORDER_CHANGED_OK (注文の変更が完了した後に送られます),Buy_20111211_041704_639,0.01,BUY,92.1696,-1080.0,2010/06/04 22:00:00 000,,2010/06/04 21:30:00 000 RSI : 28.544252002430877,false,2484575.0,JPY,34062.65,100.0,200,80,27.06,142052.65
ORDER_CHANGED_OK (注文の変更が完了した後に送られます),Buy_20111211_041704_639,0.01,BUY,92.1702,-1136.6,2010/06/04 22:00:00 000,,2010/06/04 21:30:00 000 RSI : 28.544252002430877,false,1917969.0,JPY,28396.65,100.0,200,80,32.46,142052.65
ORDER_CHANGED_OK (注文の変更が完了した後に送られます),Buy_20111211_041704_639,0.01,BUY,92.1708,-1074.8,2010/06/04 22:00:00 000,,2010/06/04 21:30:00 000 RSI : 28.544252002430877,false,2536363.0,JPY,34580.65,100.0,200,80,26.65,142052.65
ORDER_CHANGED_OK (注文の変更が完了した後に送られます),Buy_20111211_041704_639,0.01,BUY,92.1726,-1043.1,2010/06/04 22:00:00 000,,2010/06/04 21:30:00 000 RSI : 28.544252002430877,false,2854757.0,JPY,37764.65,100.0,200,80,24.41,142052.65
ORDER_CHANGED_OK (注文の変更が完了した後に送られます),Buy_20111211_041704_639,0.01,BUY,92.1732,-1115.9,2010/06/04 22:00:00 000,,2010/06/04 21:30:00 000 RSI : 28.544252002430877,false,2124939.0,JPY,30466.65,100.0,200,80,30.25,142052.65
ORDER_CHANGED_OK (注文の変更が完了した後に送られます),Buy_20111211_041704_639,0.01,BUY,92.1738,-1176.5,2010/06/04 22:00:00 000,,2010/06/04 21:30:00 000 RSI : 28.544252002430877,false,1519333.0,JPY,24410.65,100.0,200,80,37.76,142052.65
ORDER_CHANGED_OK (注文の変更が完了した後に送られます),Buy_20111211_041704_639,0.01,BUY,92.1744,-1167.7,2010/06/04 22:00:00 000,,2010/06/04 21:30:00 000 RSI : 28.544252002430877,false,1606727.0,JPY,25284.65,100.0,200,80,36.45,142052.65
ORDER_CHANGED_OK (注文の変更が完了した後に送られます),Buy_20111211_041704_639,0.01,BUY,92.175,-1156.2,2010/06/04 22:00:00 000,,2010/06/04 21:30:00 000 RSI : 28.544252002430877,false,1722121.0,JPY,26438.65,100.0,200,80,34.86,142052.65
ORDER_CHANGED_OK (注文の変更が完了した後に送られます),Buy_20111211_041704_639,0.01,BUY,92.1768,-1112.3,2010/06/04 22:00:00 000,,2010/06/04 21:30:00 000 RSI : 28.544252002430877,false,2162515.0,JPY,30842.65,100.0,200,80,29.89,142052.65
ORDER_CHANGED_OK (注文の変更が完了した後に送られます),Buy_20111211_041704_639,0.01,BUY,92.1774,-1144.4,2010/06/04 22:00:00 000,,2010/06/04 21:30:00 000 RSI : 28.544252002430877,false,1839697.0,JPY,27614.65,100.0,200,80,33.38,142052.65
ORDER_CHANGED_OK (注文の変更が完了した後に送られます),Buy_20111211_041704_639,0.01,BUY,92.178,-1092.2,2010/06/04 22:00:00 000,,2010/06/04 21:30:00 000 RSI : 28.544252002430877,false,2362091.0,JPY,32838.65,100.0,200,80,28.07,142052.65
ORDER_CHANGED_OK (注文の変更が完了した後に送られます),Buy_20111211_041704_639,0.01,BUY,92.1786,-1101.3,2010/06/04 22:00:00 000,,2010/06/04 21:30:00 000 RSI : 28.544252002430877,false,2271485.0,JPY,31932.65,100.0,200,80,28.87,142052.65
ORDER_CHANGED_OK (注文の変更が完了した後に送られます),Buy_20111211_041704_639,0.01,BUY,92.1792,-1036.0,2010/06/04 22:00:00 000,,2010/06/04 21:30:00 000 RSI : 28.544252002430877,false,2923879.0,JPY,38456.65,100.0,200,80,23.97,142052.65
ORDER_CHANGED_OK (注文の変更が完了した後に送られます),Buy_20111211_041704_639,0.01,BUY,92.181,-988.1,2010/06/04 22:00:00 000,,2010/06/04 21:30:00 000 RSI : 28.544252002430877,false,3404273.0,JPY,43260.65,100.0,200,80,21.31,142052.65
ORDER_CHANGED_OK (注文の変更が完了した後に送られます),Buy_20111211_041704_639,0.01,BUY,92.1816,-969.9,2010/06/04 22:00:00 000,,2010/06/04 21:30:00 000 RSI : 28.544252002430877,false,3585455.0,JPY,45072.65,100.0,200,80,20.45,142052.65
ORDER_CHANGED_OK (注文の変更が完了した後に送られます),Buy_20111211_041704_639,0.01,BUY,92.1822,-975.4,2010/06/04 22:00:00 000,,2010/06/04 21:30:00 000 RSI : 28.544252002430877,false,3529849.0,JPY,44516.65,100.0,200,80,20.71,142052.65
ORDER_CHANGED_OK (注文の変更が完了した後に送られます),Buy_20111211_041704_639,0.01,BUY,92.1828,-900.3,2010/06/04 22:00:00 000,,2010/06/04 21:30:00 000 RSI : 28.544252002430877,false,4281243.0,JPY,52030.65,100.0,200,80,17.72,142052.65
ORDER_CHANGED_OK (注文の変更が完了した後に送られます),Buy_20111211_041704_639,0.01,BUY,92.1834,-889.4,2010/06/04 22:00:00 000,,2010/06/04 21:30:00 000 RSI : 28.544252002430877,false,4389637.0,JPY,53114.65,100.0,200,80,17.36,142052.65
ORDER_CHANGED_OK (注文の変更が完了した後に送られます),Buy_20111211_041704_639,0.01,BUY,92.1852,-887.4,2010/06/04 22:00:00 000,,2010/06/04 21:30:00 000 RSI : 28.544252002430877,false,4411031.0,JPY,53328.65,100.0,200,80,17.29,142052.65
ORDER_CHANGED_OK (注文の変更が完了した後に送られます),Buy_20111211_041704_639,0.01,BUY,92.1858,-869.5,2010/06/04 22:00:00 000,,2010/06/04 21:30:00 000 RSI : 28.544252002430877,false,4589213.0,JPY,55110.65,100.0,200,80,16.73,142052.65
ORDER_CHANGED_OK (注文の変更が完了した後に送られます),Buy_20111211_041704_639,0.01,BUY,92.1864,-872.6,2010/06/04 22:00:00 000,,2010/06/04 21:30:00 000 RSI : 28.544252002430877,false,4557607.0,JPY,54794.65,100.0,200,80,16.82,142052.65
ORDER_CHANGED_OK (注文の変更が完了した後に送られます),Buy_20111211_041704_639,0.01,BUY,92.187,-892.8,2010/06/04 22:00:00 000,,2010/06/04 21:30:00 000 RSI : 28.544252002430877,false,4356001.0,JPY,52778.65,100.0,200,80,17.47,142052.65
ORDER_CHANGED_OK (注文の変更が完了した後に送られます),Buy_20111211_041704_639,0.01,BUY,92.1876,-903.7,2010/06/04 22:00:00 000,,2010/06/04 21:30:00 000 RSI : 28.544252002430877,false,4247395.0,JPY,51692.65,100.0,200,80,17.83,142052.65
ORDER_CHANGED_OK (注文の変更が完了した後に送られます),Buy_20111211_041704_639,0.01,BUY,92.1894,-861.3,2010/06/04 22:00:00 000,,2010/06/04 21:30:00 000 RSI : 28.544252002430877,false,4671789.0,JPY,55936.65,100.0,200,80,16.48,142052.65
ORDER_CHANGED_OK (注文の変更が完了した後に送られます),Buy_20111211_041704_639,0.01,BUY,92.19,-859.7,2010/06/04 22:00:00 000,,2010/06/04 21:30:00 000 RSI : 28.544252002430877,false,4686971.0,JPY,56088.65,100.0,200,80,16.44,142052.65
ORDER_CHANGED_OK (注文の変更が完了した後に送られます),Buy_20111211_041704_639,0.01,BUY,92.1906,-809.7,2010/06/04 22:00:00 000,,2010/06/04 21:30:00 000 RSI : 28.544252002430877,false,5187365.0,JPY,61092.65,100.0,200,80,15.09,142052.65
ORDER_CHANGED_OK (注文の変更が完了した後に送られます),Buy_20111211_041704_639,0.01,BUY,92.1912,-796.6,2010/06/04 22:00:00 000,,2010/06/04 21:30:00 000 RSI : 28.544252002430877,false,5317759.0,JPY,62396.65,100.0,200,80,14.77,142052.65
ORDER_CHANGED_OK (注文の変更が完了した後に送られます),Buy_20111211_041704_639,0.01,BUY,92.1918,-850.7,2010/06/04 22:00:00 000,,2010/06/04 21:30:00 000 RSI : 28.544252002430877,false,4777153.0,JPY,56990.65,100.0,200,80,16.18,142052.65
ORDER_CHANGED_OK (注文の変更が完了した後に送られます),Buy_20111211_041704_639,0.01,BUY,92.1936,-803.8,2010/06/04 22:00:00 000,,2010/06/04 21:30:00 000 RSI : 28.544252002430877,false,5247547.0,JPY,61694.65,100.0,200,80,14.94,142052.65
ORDER_CHANGED_OK (注文の変更が完了した後に送られます),Buy_20111211_041704_639,0.01,BUY,92.1942,-832.0,2010/06/04 22:00:00 000,,2010/06/04 21:30:00 000 RSI : 28.544252002430877,false,4963729.0,JPY,58856.65,100.0,200,80,15.66,142052.65
ORDER_CHANGED_OK (注文の変更が完了した後に送られます),Buy_20111211_041704_639,0.01,BUY,92.1948,-949.8,2010/06/04 22:00:00 000,,2010/06/04 21:30:00 000 RSI : 28.544252002430877,false,3786123.0,JPY,47080.65,100.0,200,80,19.58,142052.65
ORDER_CHANGED_OK (注文の変更が完了した後に送られます),Buy_20111211_041704_639,0.01,BUY,92.1954,-954.1,2010/06/04 22:00:00 000,,2010/06/04 21:30:00 000 RSI : 28.544252002430877,false,3742517.0,JPY,46644.65,100.0,200,80,19.77,142052.65
ORDER_CHANGED_OK (注文の変更が完了した後に送られます),Buy_20111211_041704_639,0.01,BUY,92.196,-869.3,2010/06/04 22:00:00 000,,2010/06/04 21:30:00 000 RSI : 28.544252002430877,false,4590911.0,JPY,55128.65,100.0,200,80,16.72,142052.65
ORDER_CHANGED_OK (注文の変更が完了した後に送られます),Buy_20111211_041704_639,0.01,BUY,92.1978,-819.5,2010/06/04 22:00:00 000,,2010/06/04 21:30:00 000 RSI : 28.544252002430877,false,5090305.0,JPY,60122.65,100.0,200,80,15.33,142052.65
ORDER_CHANGED_OK (注文の変更が完了した後に送られます),Buy_20111211_041704_639,0.01,BUY,92.1984,-851.6,2010/06/04 22:00:00 000,,2010/06/04 21:30:00 000 RSI : 28.544252002430877,false,4767487.0,JPY,56894.65,100.0,200,80,16.21,142052.65
ORDER_CHANGED_OK (注文の変更が完了した後に送られます),Buy_20111211_041704_639,0.01,BUY,92.199,-825.9,2010/06/04 22:00:00 000,,2010/06/04 21:30:00 000 RSI : 28.544252002430877,false,5024881.0,JPY,59468.65,100.0,200,80,15.5,142052.65
ORDER_CHANGED_OK (注文の変更が完了した後に送られます),Buy_20111211_041704_639,0.01,BUY,92.1996,-878.3,2010/06/04 22:00:00 000,,2010/06/04 21:30:00 000 RSI : 28.544252002430877,false,4501275.0,JPY,54232.65,100.0,200,80,17.0,142052.65
ORDER_CHANGED_OK (注文の変更が完了した後に送られます),Buy_20111211_041704_639,0.01,BUY,92.2002,-849.2,2010/06/04 22:00:00 000,,2010/06/04 21:30:00 000 RSI : 28.544252002430877,false,4791669.0,JPY,57136.65,100.0,200,80,16.14,142052.65
ORDER_CHANGED_OK (注文の変更が完了した後に送られます),Buy_20111211_041704_639,0.01,BUY,92.202,-794.1,2010/06/04 22:00:00 000,,2010/06/04 21:30:00 000 RSI : 28.544252002430877,false,5344063.0,JPY,62660.65,100.0,200,80,14.71,142052.65
ORDER_CHANGED_OK (注文の変更が完了した後に送られます),Buy_20111211_041704_639,0.01,BUY,92.2026,-819.9,2010/06/04 22:00:00 000,,2010/06/04 21:30:00 000 RSI : 28.544252002430877,false,5085245.0,JPY,60072.65,100.0,200,80,15.35,142052.65
ORDER_CHANGED_OK (注文の変更が完了した後に送られます),Buy_20111211_041704_639,0.01,BUY,92.2032,-835.0,2010/06/04 22:00:00 000,,2010/06/04 21:30:00 000 RSI : 28.544252002430877,false,4933639.0,JPY,58556.65,100.0,200,80,15.75,142052.65
ORDER_CHANGED_OK (注文の変更が完了した後に送られます),Buy_20111211_041704_639,0.01,BUY,92.2038,-847.7,2010/06/04 22:00:00 000,,2010/06/04 21:30:00 000 RSI : 28.544252002430877,false,4807033.0,JPY,57290.65,100.0,200,80,16.09,142052.65
ORDER_CHANGED_OK (注文の変更が完了した後に送られます),Buy_20111211_041704_639,0.01,BUY,92.2044,-848.5,2010/06/04 22:00:00 000,,2010/06/04 21:30:00 000 RSI : 28.544252002430877,false,4798427.0,JPY,57204.65,100.0,200,80,16.12,142052.65
ORDER_CHANGED_OK (注文の変更が完了した後に送られます),Buy_20111211_041704_639,0.01,BUY,92.2062,-867.7,2010/06/04 22:00:00 000,,2010/06/04 21:30:00 000 RSI : 28.544252002430877,false,4607821.0,JPY,55298.65,100.0,200,80,16.67,142052.65
ORDER_CHANGED_OK (注文の変更が完了した後に送られます),Buy_20111211_041704_639,0.01,BUY,92.2068,-925.8,2010/06/04 22:00:00 000,,2010/06/04 21:30:00 000 RSI : 28.544252002430877,false,4026003.0,JPY,49480.65,100.0,200,80,18.63,142052.65
ORDER_CHANGED_OK (注文の変更が完了した後に送られます),Buy_20111211_041704_639,0.01,BUY,92.2074,-930.1,2010/06/04 22:00:00 000,,2010/06/04 21:30:00 000 RSI : 28.544252002430877,false,3982397.0,JPY,49044.65,100.0,200,80,18.8,142052.65
ORDER_CHANGED_OK (注文の変更が完了した後に送られます),Buy_20111211_041704_639,0.01,BUY,92.208,-936.3,2010/06/04 22:00:00 000,,2010/06/04 21:30:00 000 RSI : 28.544252002430877,false,3920791.0,JPY,48428.65,100.0,200,80,19.04,142052.65
ORDER_CHANGED_OK (注文の変更が完了した後に送られます),Buy_20111211_041704_639,0.01,BUY,92.2086,-976.7,2010/06/04 22:00:00 000,,2010/06/04 21:30:00 000 RSI : 28.544252002430877,false,3517185.0,JPY,44392.65,100.0,200,80,20.77,142052.65
ORDER_CHANGED_OK (注文の変更が完了した後に送られます),Buy_20111211_041704_639,0.01,BUY,92.2104,-1058.6,2010/06/04 22:00:00 000,,2010/06/04 21:30:00 000 RSI : 28.544252002430877,false,2698579.0,JPY,36206.65,100.0,200,80,25.47,142052.65
ORDER_CHANGED_OK (注文の変更が完了した後に送られます),Buy_20111211_041704_639,0.01,BUY,92.211,-1064.0,2010/06/04 22:00:00 000,,2010/06/04 21:30:00 000 RSI : 28.544252002430877,false,2643761.0,JPY,35658.65,100.0,200,80,25.86,142052.65
